Name,Sex,Event,Equipment,Age,AgeClass,BirthYearClass,Division,BodyweightKg,WeightClassKg,Squat1Kg,Squat2Kg,Squat3Kg,Squat4Kg,Best3SquatKg,Bench1Kg,Bench2Kg,Bench3Kg,Bench4Kg,Best3BenchKg,Deadlift1Kg,Deadlift2Kg,Deadlift3Kg,Deadlift4Kg,Best3DeadliftKg,TotalKg,Place,Dots,Wilks,Glossbrenner,Goodlift,Tested,Country,State,Federation,ParentFederation,Date,MeetCountry,MeetState,MeetTown,MeetName
Mara Hames,F,SBD,Raw,25,24-34,24-39,Open,75.1,76,175,182.5,-190,,182.5,95,100,-105,,100,177.5,185,190,,190,472.5,17,459.88,448.80,394.77,93.69,Yes,Germany,,IPF,IPF,2023-06-11,Malta,,St. Julians,World Classic Powerlifting Championships
Monica de La Torre,F,SBD,Raw,27.5,24-34,24-39,Open,51.85,52,125,132.5,135,,135,90,92.5,95,,95,150,160,-165,,160,390,11,476.33,487.27,431.97,98.72,Yes,Mexico,,IPF,IPF,2023-06-11,Malta,,St. Julians,World Classic Powerlifting Championships
Martina Malzová,F,SBD,Raw,27.5,24-34,24-39,Open,51.65,52,122.5,127.5,132.5,,132.5,65,-67.5,67.5,,67.5,165,172.5,-177.5,,172.5,372.5,13,456.18,466.80,413.88,94.61,Yes,Czechia,,IPF,IPF,2023-06-11,Malta,,St. Julians,World Classic Powerlifting Championships
Miriam Amri,F,SBD,Raw,27.5,24-34,24-39,Open,56.7,57,147.5,157.5,-162.5,,157.5,77.5,82.5,-85,,82.5,182.5,192.5,-197.5,,192.5,432.5,9,497.23,503.95,445.65,101.85,Yes,Netherlands,,IPF,IPF,2023-06-11,Malta,,St. Julians,World Classic Powerlifting Championships
Mayara Soares,F,SBD,Raw,30.5,24-34,24-39,Open,46.7,47,117.5,125,-130,,125,62.5,65,67.5,,67.5,122.5,130,135,,135,327.5,11,431.25,442.49,394.65,91.36,Yes,Brazil,,IPF,IPF,2023-06-11,Malta,,St. Julians,World Classic Powerlifting Championships
Kim Grech,F,SBD,Raw,31.5,24-34,24-39,Open,72.2,76,105,112.5,125,,125,57.5,62.5,67.5,,67.5,120,130,142.5,,142.5,335,25,333.02,326.37,287.46,67.74,Yes,Malta,,IPF,IPF,2023-06-11,Malta,,St. Julians,World Classic Powerlifting Championships
Lyudmila Bichok,F,SBD,Raw,32,24-34,24-39,Open,75.7,76,177.5,185,190,,190,110,117.5,-120,,117.5,197.5,210,-217.5,,210,517.5,9,501.58,489.13,430.10,102.22,Yes,Ukraine,,IPF,IPF,2023-06-11,Malta,,St. Julians,World Classic Powerlifting Championships
Catherine Portelli,F,SBD,Raw,33.5,24-34,24-39,Open,122.5,84+,-165,165,170,,170,70,75,77.5,,77.5,200,210,220,,220,467.5,11,372.99,372.47,315.25,79.87,Yes,Malta,,IPF,IPF,2023-06-11,Malta,,St. Julians,World Classic Powerlifting Championships
Zahra Al Ammar,F,SBD,Raw,33.5,24-34,24-39,Open,62.9,63,137.5,145,150,,150,67.5,75,-77.5,,75,175,182.5,190,,190,415,12,446.77,446.23,394.04,90.89,Yes,Saudi Arabia,,IPF,IPF,2023-06-11,Malta,,St. Julians,World Classic Powerlifting Championships
Lorna Cachia,F,SBD,Raw,34.5,24-34,24-39,Open,62.25,63,145,147.5,-152.5,,147.5,65,-70,-70,,65,160,-165,-165,,160,372.5,15,403.57,403.71,356.53,82.13,Yes,Malta,,IPF,IPF,2023-06-11,Malta,,St. Julians,World Classic Powerlifting Championships
Emily zur Linden,F,SBD,Raw,35.5,35-39,24-39,Open,61.95,63,170,175,180,,180,95,100,102.5,,102.5,182.5,190,-202.5,,190,472.5,6,513.44,513.97,453.94,104.51,Yes,Canada,,IPF,IPF,2023-06-11,Malta,,St. Julians,World Classic Powerlifting Championships
Shanel Mallia,F,SBD,Raw,35.5,35-39,24-39,Open,50.4,52,107.5,110,112.5,,112.5,55,60,62.5,,62.5,120,125,127.5,,127.5,302.5,23,376.90,386.26,342.84,78.51,Yes,Malta,,IPF,IPF,2023-06-11,Malta,,St. Julians,World Classic Powerlifting Championships
Ana Lucia Ruiz Vasquez,F,SBD,Raw,36.5,35-39,24-39,Open,46.95,47,120,125,127.5,,127.5,57.5,-60,-60,,57.5,140,150,-155,,150,335,9,439.38,450.89,401.97,92.96,Yes,Peru,,IPF,IPF,2023-06-11,Malta,,St. Julians,World Classic Powerlifting Championships
Jonna Alanko,F,SBD,Raw,36.5,35-39,24-39,Open,68.2,69,145,152.5,157.5,,157.5,82.5,87.5,-92.5,,87.5,170,177.5,-182.5,,177.5,422.5,20,433.61,428.05,377.53,88.11,Yes,Finland,,IPF,IPF,2023-06-11,Malta,,St. Julians,World Classic Powerlifting Championships
Daniela Vella,F,SBD,Raw,37.5,35-39,24-39,Open,82.1,84,125,-135,135,,135,57.5,60,62.5,,62.5,160,170,180,,180,377.5,19,351.20,340.60,298.24,71.94,Yes,Malta,,IPF,IPF,2023-06-11,Malta,,St. Julians,World Classic Powerlifting Championships
Maja Vaha,F,SBD,Raw,39.5,35-39,40-49,Open,90,84+,-130,130,140,,140,82.5,87.5,-92.5,,87.5,155,162.5,167.5,,167.5,395,13,352.15,341.31,296.67,72.74,Yes,Malta,,IPF,IPF,2023-06-11,Malta,,St. Julians,World Classic Powerlifting Championships
Jung Liu,M,SBD,Raw,26.5,24-34,24-39,Open,103.05,105,265,282.5,295,,295,162.5,172.5,-180,,172.5,310,325,332.5,,332.5,800,18,486.19,481.28,459.55,99.64,Yes,Taiwan,,IPF,IPF,2023-06-11,Malta,,St. Julians,World Classic Powerlifting Championships
Mohammad Morad Niay Shirjouposht,M,SBD,Raw,34.5,24-34,24-39,Open,119.7,120,310,322.5,332.5,,332.5,190,-195,-195,,190,305,320,-330,,320,842.5,11,484.26,484.65,464.41,98.04,Yes,Iran,,IPF,IPF,2023-06-11,Malta,,St. Julians,World Classic Powerlifting Championships
Liang Huang,M,SBD,Raw,18.5,18-19,19-23,Open,69.55,74,-105,105,112.5,,112.5,45,55,-60,,55,125,-140,140,,140,307.5,22,232.02,231.58,224.49,46.63,Yes,China,,IPF,IPF,2023-06-11,Malta,,St. Julians,World Classic Powerlifting Championships
Angelos Almouti,M,SBD,Raw,21.5,20-23,19-23,Open,82.3,83,220,-232.5,-232.5,,220,135,140,-142.5,,140,250,-265,265,,265,625,29,423.95,419.30,403.50,86.89,Yes,Greece,,IPF,IPF,2023-06-11,Malta,,St. Julians,World Classic Powerlifting Championships
Chun-Chia Fan,M,SBD,Raw,23.5,24-34,24-39,Open,73.25,74,235,252.5,-265,,252.5,190,200,205,,205,285,300,-305,,300,757.5,5,551.83,548.86,530.87,111.80,Yes,Taiwan,,IPF,IPF,2023-06-11,Malta,,St. Julians,World Classic Powerlifting Championships
Victor Santana,M,SBD,Raw,23,20-23,24-39,Open,82.1,83,225,237.5,-245,,237.5,132.5,-137.5,137.5,,137.5,260,275,-282.5,,275,650,27,441.52,436.71,420.30,90.47,Yes,Brazil,,IPF,IPF,2023-06-11,Malta,,St. Julians,World Classic Powerlifting Championships
Ian Pace,M,SBD,Raw,23.5,24-34,24-39,Open,82.55,83,205,220,227.5,,227.5,125,-132.5,132.5,,132.5,220,240,252.5,,252.5,612.5,30,414.76,410.17,394.65,85.02,Yes,Malta,,IPF,IPF,2023-06-11,Malta,,St. Julians,World Classic Powerlifting Championships
Aaron Grant Embuscado,M,SBD,Raw,25.5,24-34,24-39,Open,64.95,66,202.5,,,,202.5,125,130,,,130,250,-270,-270,,250,582.5,13,461.91,463.50,450.74,91.58,Yes,Philippines,,IPF,IPF,2023-06-11,Malta,,St. Julians,World Classic Powerlifting Championships
Sebastian Cociña,M,SBD,Raw,25.5,24-34,24-39,Open,119.95,120,295,-305,305,,305,205,-212.5,-212.5,,205,255,270,-275,,270,780,19,448.02,448.48,429.76,90.69,Yes,Uruguay,,IPF,IPF,2023-06-11,Malta,,St. Julians,World Classic Powerlifting Championships
Adrian Josef Perillo,M,SBD,Raw,25.5,24-34,24-39,Open,58.5,59,-155,160,-167.5,,160,-115,-115,-115,,-115,225,240,-250,,240,,DQ,,,,,Yes,Philippines,,IPF,IPF,2023-06-11,Malta,,St. Julians,World Classic Powerlifting Championships
Michael Puehringer,M,SBD,Raw,25.5,24-34,24-39,Open,82.5,83,242.5,252.5,260,,260,172.5,177.5,182.5,,182.5,260,270,280,,280,722.5,17,489.42,484.01,465.71,100.32,Yes,Austria,,IPF,IPF,2023-06-11,Malta,,St. Julians,World Classic Powerlifting Championships
Malcolm Farrugia,M,SBD,Raw,25.5,24-34,24-39,Open,103.35,105,237.5,-252.5,252.5,,252.5,142.5,150,157.5,,157.5,252.5,267.5,-282.5,,267.5,677.5,28,411.24,407.15,388.77,84.27,Yes,Malta,,IPF,IPF,2023-06-11,Malta,,St. Julians,World Classic Powerlifting Championships
Kwaku Antwi,M,SBD,Raw,26.5,24-34,24-39,Open,92.5,93,255,267.5,272.5,,272.5,190,200,-207.5,,200,327.5,342.5,-347.5,,342.5,815,10,519.90,513.29,491.38,106.90,Yes,Canada,,IPF,IPF,2023-06-11,Malta,,St. Julians,World Classic Powerlifting Championships
Jamie Cortes Heredia,M,SBD,Raw,26.5,24-34,24-39,Open,82.85,83,220,-230,235,,235,162.5,167.5,,,167.5,292.5,305,,,305,707.5,21,478.11,472.76,454.80,98.03,Yes,Spain,,IPF,IPF,2023-06-11,Malta,,St. Julians,World Classic Powerlifting Championships
Abdulrahman Mousa,M,SBD,Raw,26.5,24-34,24-39,Open,165.5,120+,370,-400,-405,,370,200,220,235,,235,340,-360,360,,360,965,4,505.68,526.34,491.95,98.83,Yes,Libya,,IPF,IPF,2023-06-11,Malta,,St. Julians,World Classic Powerlifting Championships
Derick Luu,M,SBD,Raw,27.5,24-34,24-39,Open,65.85,66,190,200,207.5,,207.5,142.5,150,-155,,150,235,250,-255,,250,607.5,11,476.80,477.90,464.43,94.81,Yes,Canada,,IPF,IPF,2023-06-11,Malta,,St. Julians,World Classic Powerlifting Championships
Wei-Xiang Zeng,M,SBD,Raw,27.5,24-34,24-39,Open,58.85,59,185,-195,195,,195,107.5,115,-120,,115,230,-245,-247.5,,230,540,10,463.15,468.84,458.33,89.48,Yes,Taiwan,,IPF,IPF,2023-06-11,Malta,,St. Julians,World Classic Powerlifting Championships
Mohamed Elhamali,M,SBD,Raw,27.5,24-34,24-39,Open,58.8,59,170,180,-190,,180,115,122.5,-125,,122.5,240,255,-262.5,,255,557.5,6,478.50,484.42,473.58,92.42,Yes,Libya,,IPF,IPF,2023-06-11,Malta,,St. Julians,World Classic Powerlifting Championships
Mikaele Kise,M,SBD,Raw,27.5,24-34,24-39,Open,91.05,93,235,250,260,,260,155,160,-165,,160,-300,305,320,,320,740,28,475.72,469.67,449.91,97.82,Yes,Singapore,,IPF,IPF,2023-06-11,Malta,,St. Julians,World Classic Powerlifting Championships
Carlos Petterson-Grifith,M,SBD,Raw,28.5,24-34,24-39,Open,92.7,93,300,320,-332,,320,160,170,172.5,,172.5,330,355,-365,,355,847.5,6,540.06,533.21,510.40,111.05,Yes,Guyana,,IPF,IPF,2023-06-11,Malta,,St. Julians,World Classic Powerlifting Championships
Kerry Dennison,M,SBD,Raw,29.5,24-34,24-39,Open,116.85,120,282.5,290,295,,295,195,202.5,210,,210,335,352.5,-357.5,,352.5,857.5,6,496.93,496.19,475.22,100.85,Yes,Canada,,IPF,IPF,2023-06-11,Malta,,St. Julians,World Classic Powerlifting Championships
Alessandro Valastro,M,SBD,Raw,31.5,24-34,24-39,Open,91.35,93,200,220,222.5,,222.5,132.5,140,-150,,140,-260,-260,-260,,-260,,DQ,,,,,Yes,Malta,,IPF,IPF,2023-06-11,Malta,,St. Julians,World Classic Powerlifting Championships
Matheus Costa,M,SBD,Raw,31.5,24-34,24-39,Open,118.95,120,285,305,320,,320,177.5,185,-190,,185,330,-352.5,-355,,330,835,13,480.96,481.05,460.93,97.44,Yes,Brazil,,IPF,IPF,2023-06-11,Malta,,St. Julians,World Classic Powerlifting Championships
Kai-Chieh Chiang,M,SBD,Raw,33.5,24-34,24-39,Open,82.05,83,285,295,-302.5,,295,170,-177.5,177.5,,177.5,-305,305,320,,320,792.5,5,538.51,532.65,512.64,110.34,Yes,Taiwan,,IPF,IPF,2023-06-11,Malta,,St. Julians,World Classic Powerlifting Championships
Roberto Junior Thomas Vargas,M,SBD,Raw,34.5,24-34,24-39,Open,80,83,220,230,-237.5,,230,142.5,147.5,-155,,147.5,240,255,-260,,255,632.5,28,436.14,431.81,416.06,89.21,Yes,Peru,,IPF,IPF,2023-06-11,Malta,,St. Julians,World Classic Powerlifting Championships
Aurélie Nguyen,F,SBD,Raw,23.5,24-34,24-39,Open,46.75,47,125,132.5,137.5,,137.5,-82.5,82.5,85,,85,167.5,177.5,185,,185,407.5,4,536.17,550.15,490.63,113.56,Yes,Canada,,IPF,IPF,2023-06-11,Malta,,St. Julians,World Classic Powerlifting Championships
Nick Manders,M,SBD,Raw,23,20-23,24-39,Open,82.55,83,255,262.5,265,,265,160,-165,165,,165,-340,340,367.5,,367.5,797.5,3,540.04,534.06,513.85,110.70,Yes,Canada,,IPF,IPF,2023-06-11,Malta,,St. Julians,World Classic Powerlifting Championships
Rashenna Grzybowski,F,SBD,Raw,27.5,24-34,24-39,Open,75.3,76,177.5,185,-190,,185,92.5,100,102.5,,102.5,190,202.5,-207.5,,202.5,490,13,476.25,464.65,408.67,97.03,Yes,Canada,,IPF,IPF,2023-06-11,Malta,,St. Julians,World Classic Powerlifting Championships
Adam Jansson,M,SBD,Raw,23.5,24-34,24-39,Open,82.6,83,270,285,-295,,285,192.5,200,205,,205,290,-305,-310,,290,780,9,528.00,522.15,502.38,108.24,Yes,Canada,,IPF,IPF,2023-06-11,Malta,,St. Julians,World Classic Powerlifting Championships
Christine Castro,F,SBD,Raw,30.5,24-34,24-39,Open,69,69,160,-165,165,,165,90,-95,-95,,90,187.5,197.5,205,,205,460,14,468.97,462.23,407.58,95.30,Yes,Canada,,IPF,IPF,2023-06-11,Malta,,St. Julians,World Classic Powerlifting Championships
Mehrdad Zafari,M,SBD,Raw,33,24-34,24-39,Open,59,59,175,182.5,190,,190,105,-115,120,,120,205,-215,215,,215,525,12,449.33,454.74,444.48,86.87,Yes,Iran,,IPF,IPF,2023-06-11,Malta,,St. Julians,World Classic Powerlifting Championships
Nicolás Urioste,M,SBD,Raw,54.5,50-54,50-59,Open,100.7,105,205,-220,-220,,205,157.5,-162.5,-162.5,,157.5,-150,-150,150,,150,512.5,30,314.51,311.04,297.05,64.53,Yes,Uruguay,,IPF,IPF,2023-06-11,Malta,,St. Julians,World Classic Powerlifting Championships
Abdulla Mohamed Ahmeed Mohamed,M,SBD,Raw,34.5,24-34,24-39,Open,103.55,105,315,325,-335,,325,202.5,210,212.5,,212.5,350,360,365,,365,902.5,3,547.38,541.98,517.51,112.15,Yes,Libya,,IPF,IPF,2023-06-11,Malta,,St. Julians,World Classic Powerlifting Championships
Amar Kanane,M,SBD,Raw,35.5,35-39,24-39,Open,92.7,93,310,325,-331.5,,325,170,177.5,-180,,177.5,315,-332.5,-332.5,,315,817.5,9,520.95,514.34,492.33,107.12,Yes,Algeria,,IPF,IPF,2023-06-11,Malta,,St. Julians,World Classic Powerlifting Championships
Franklin León,M,SBD,Raw,39.5,35-39,40-49,Open,58.8,59,205,215,222.5,,222.5,125,135,-140,,135,215,230,240,,240,597.5,3,512.84,519.18,507.56,99.05,Yes,Ecuador,,IPF,IPF,2023-06-11,Malta,,St. Julians,World Classic Powerlifting Championships
Mohamed Sahad,M,SBD,Raw,35.5,35-39,24-39,Open,119.25,120,-360,360,375,,375,205,217.5,220,,220,330,-342.5,-342.5,,330,925,2,532.35,532.59,510.32,107.82,Yes,Algeria,,IPF,IPF,2023-06-11,Malta,,St. Julians,World Classic Powerlifting Championships
Marie Jenevieve Joaquin,F,SBD,Raw,27,24-34,24-39,Open,51,52,145,152.5,157.5,,157.5,80,85,-87.5,,85,165,172.5,-177.5,,172.5,415,6,512.76,525.14,465.86,106.58,Yes,Canada,,IPF,IPF,2023-06-11,Malta,,St. Julians,World Classic Powerlifting Championships
Thomas Delamore,M,SBD,Raw,23,20-23,24-39,Open,92.55,93,240,-257.5,257.5,,257.5,-145,145,150,,150,275,285,-295,,285,692.5,36,441.64,436.03,417.40,90.81,Yes,New Zealand,,IPF,IPF,2023-06-11,Malta,,St. Julians,World Classic Powerlifting Championships
Dion Louie,M,SBD,Raw,28.5,24-34,24-39,Open,58.7,59,160,165,-167.5,,165,112.5,117.5,-120,,117.5,250,-260,260,,260,542.5,9,466.30,472.14,461.62,90.01,Yes,New Zealand,,IPF,IPF,2023-06-11,Malta,,St. Julians,World Classic Powerlifting Championships
Megan-Li Smith,F,SBD,Raw,27,24-34,24-39,Open,51.85,52,160,165,167.5,,167.5,87.5,90,-92.5,,90,167.5,175,180,,180,437.5,3,534.34,546.62,484.59,110.75,Yes,New Zealand,,IPF,IPF,2023-06-11,Malta,,St. Julians,World Classic Powerlifting Championships
Jamie King #1,M,SBD,Raw,29.5,24-34,24-39,Open,92.45,93,275,290,297.5,,297.5,167.5,175,180,,180,297.5,317.5,-322.5,,317.5,795,11,507.27,500.83,479.46,104.30,Yes,New Zealand,,IPF,IPF,2023-06-11,Malta,,St. Julians,World Classic Powerlifting Championships
Ali Abbas,M,SBD,Raw,26.5,24-34,24-39,Open,58.85,59,190,200,-202.5,,200,120,125,-127.5,,125,225,-235,-235,,225,550,8,471.73,477.52,466.82,91.13,Yes,New Zealand,,IPF,IPF,2023-06-11,Malta,,St. Julians,World Classic Powerlifting Championships
Dana Ye-Lee,F,SBD,Raw,23,20-23,24-39,Open,56.25,57,137.5,-145,145,,145,95,97.5,100,,100,160,167.5,-172.5,,167.5,412.5,15,476.73,483.66,427.78,97.73,Yes,New Zealand,,IPF,IPF,2023-06-11,Malta,,St. Julians,World Classic Powerlifting Championships
Jewel Tasi,F,SBD,Raw,24.5,24-34,24-39,Open,120.05,84+,252.5,265,277.5,,277.5,120,127.5,-132.5,,127.5,222.5,237.5,242.5,,242.5,647.5,3,519.47,517.74,438.70,110.99,Yes,New Zealand,,IPF,IPF,2023-06-11,Malta,,St. Julians,World Classic Powerlifting Championships
Evie Corrigan,F,SBD,Raw,27,24-34,24-39,Open,51.9,52,155,160,162.5,,162.5,95,97.5,100,,100,190,197.5,-203,,197.5,460,1,561.45,574.31,509.11,116.35,Yes,New Zealand,,IPF,IPF,2023-06-11,Malta,,St. Julians,World Classic Powerlifting Championships
Karlina Tongotea,F,SBD,Raw,30.5,24-34,24-39,Open,75.65,76,215,222.5,225.5,,225.5,115,120,122.5,,122.5,235,242.5,245,,245,593,1,574.95,560.71,493.06,117.17,Yes,New Zealand,,IPF,IPF,2023-06-11,Malta,,St. Julians,World Classic Powerlifting Championships
Claire Nunan,F,SBD,Raw,29,24-34,24-39,Open,83.2,84,175,185,-190,,185,110,-115,115,,115,205,215,222.5,,222.5,522.5,8,482.98,468.19,409.59,99.05,Yes,New Zealand,,IPF,IPF,2023-06-11,Malta,,St. Julians,World Classic Powerlifting Championships
Minami Satoh,F,SBD,Raw,30.5,24-34,24-39,Open,105.4,84+,-180,-180,-180,,-180,90,-97.5,-97.5,,90,165,175,-180,,175,,DQ,,,,,Yes,Japan,,IPF,IPF,2023-06-11,Malta,,St. Julians,World Classic Powerlifting Championships
Kyota Ushiyama,M,SBD,Raw,25.5,24-34,24-39,Open,65.9,66,225,242.5,247.5,,247.5,165,170,-172.5,,170,275,-292.5,-292.5,,275,692.5,3,543.20,544.43,529.06,108.04,Yes,Japan,,IPF,IPF,2023-06-11,Malta,,St. Julians,World Classic Powerlifting Championships
Yusuke Takeda,M,SBD,Raw,37.5,35-39,24-39,Open,92.45,93,255,272.5,-287.5,,272.5,190,197.5,202.5,,202.5,262.5,282.5,-302.5,,282.5,757.5,21,483.34,477.20,456.84,99.38,Yes,Japan,,IPF,IPF,2023-06-11,Malta,,St. Julians,World Classic Powerlifting Championships
Yuka Okada,F,SBD,Raw,30.5,24-34,24-39,Open,65.75,69,132.5,140,145,,145,75,80,-85,,80,180,190,200,,200,425,19,445.54,442.11,390.17,90.54,Yes,Japan,,IPF,IPF,2023-06-11,Malta,,St. Julians,World Classic Powerlifting Championships
Mirko Artosi,M,SBD,Raw,34.5,24-34,24-39,Open,92.55,93,270,285,-290,,285,160,167.5,-172.5,,167.5,280,300,315,,315,767.5,18,489.47,483.25,462.61,100.64,Yes,Italy,,IPF,IPF,2023-06-11,Malta,,St. Julians,World Classic Powerlifting Championships
Ishtyaq Nabi,M,SBD,Raw,23.5,24-34,24-39,Open,58.9,59,180,-190,-190,,180,125,130,135,,135,232.5,250,-262.5,,250,565,5,484.25,490.16,479.15,93.58,Yes,England,,IPF,IPF,2023-06-11,Malta,,St. Julians,World Classic Powerlifting Championships
Sean Isomura-Gillard,M,SBD,Raw,21.5,20-23,19-23,Open,92.7,93,220,235,245,,245,165,175,180,,180,275,287.5,-292.5,,287.5,712.5,34,454.04,448.27,429.10,93.36,Yes,Thailand,,IPF,IPF,2023-06-11,Malta,,St. Julians,World Classic Powerlifting Championships
Adejoke Adetayo,F,SBD,Raw,31.5,24-34,24-39,Open,56.05,57,157.5,167.5,172.5,,172.5,65,70,72.5,,72.5,180,195,200,,200,445,7,515.50,523.22,462.80,105.72,Yes,England,,IPF,IPF,2023-06-11,Malta,,St. Julians,World Classic Powerlifting Championships
Aftab Uddin,M,SBD,Raw,33.5,24-34,24-39,Open,65.7,66,195,207.5,-212.5,,207.5,117.5,125,-127.5,,125,235,-250,-250,,235,567.5,14,446.16,447.27,434.72,88.68,Yes,Bangladesh,,IPF,IPF,2023-06-11,Malta,,St. Julians,World Classic Powerlifting Championships
Emma Zilberman-Vegas,F,SBD,Raw,30.5,24-34,24-39,Open,56.85,57,140,145,-147.5,,145,82.5,-87.5,-87.5,,82.5,165,172.5,180,,180,407.5,21,467.68,473.84,419.01,95.77,Yes,Canada,,IPF,IPF,2023-06-11,Malta,,St. Julians,World Classic Powerlifting Championships
Brittany Schlater,F,SBD,Raw,31.5,24-34,24-39,Open,127.6,84+,255,270,281,,281,142.5,150,155,,155,235,247.5,257.5,,257.5,693.5,1,547.66,548.55,463.33,117.76,Yes,Canada,,IPF,IPF,2023-06-11,Malta,,St. Julians,World Classic Powerlifting Championships
Bruna Bisol,F,SBD,Raw,25.5,24-34,24-39,Open,68.4,69,172.5,180,185,,185,87.5,92.5,95,,95,182.5,190,197.5,,197.5,477.5,11,489.23,482.77,425.77,99.41,Yes,Brazil,,IPF,IPF,2023-06-11,Malta,,St. Julians,World Classic Powerlifting Championships
Cícera Tavares,F,SBD,Raw,46.5,45-49,40-49,Open,68.45,69,180,-187.5,-187.5,,180,95,-100,-100,,95,195,205,-220,,205,480,10,491.59,485.05,427.77,99.89,Yes,Brazil,,IPF,IPF,2023-06-11,Malta,,St. Julians,World Classic Powerlifting Championships
Irani Rodrigues Barbosa,F,SBD,Raw,36.5,35-39,24-39,Open,51.5,52,112.5,-115,115,,115,72.5,-77.5,-77.5,,72.5,137.5,142.5,147.5,,147.5,335,20,411.09,420.75,373.10,85.30,Yes,Brazil,,IPF,IPF,2023-06-11,Malta,,St. Julians,World Classic Powerlifting Championships
Pedro Lins,M,SBD,Raw,30,24-34,24-39,Open,86.7,93,230,242.5,250,,250,137.5,142.5,145,,145,-240,240,-270,,240,635,38,418.59,413.45,396.92,86.00,Yes,Brazil,,IPF,IPF,2023-06-11,Malta,,St. Julians,World Classic Powerlifting Championships
Renata Touma,F,SBD,Raw,24.5,24-34,24-39,Open,62.85,63,142.5,-147.5,-147.5,,142.5,80,85,-87.5,,85,157.5,-165,-165,,157.5,385,14,414.68,414.22,365.78,84.36,Yes,Brazil,,IPF,IPF,2023-06-11,Malta,,St. Julians,World Classic Powerlifting Championships
Giulia Cunha Costa Carvalho,F,SBD,Raw,23.5,24-34,24-39,Open,51.05,52,127.5,-132.5,135,,135,72.5,75,77.5,,77.5,140,150,155,,155,367.5,15,453.76,464.69,412.21,94.30,Yes,Brazil,,IPF,IPF,2023-06-11,Malta,,St. Julians,World Classic Powerlifting Championships
Eduardo Saramago,M,SBD,Raw,30.5,24-34,24-39,Open,82.5,83,225,237.5,242.5,,242.5,142.5,147.5,152.5,,152.5,262.5,275,285,,285,680,24,460.63,455.54,438.32,94.42,Yes,Brazil,,IPF,IPF,2023-06-11,Malta,,St. Julians,World Classic Powerlifting Championships
Kai-Hsuan Hsieh,F,SBD,Raw,27,24-34,24-39,Open,55.25,57,135,145,157.5,,157.5,65,75,-82.5,,75,150,165,172.5,,172.5,405,22,473.67,481.59,426.11,97.30,Yes,Taiwan,,IPF,IPF,2023-06-11,Malta,,St. Julians,World Classic Powerlifting Championships
Lee Yuen Ching Stella Audrey,F,SBD,Raw,29,24-34,24-39,Open,51.55,52,137.5,142.5,-147.5,,142.5,72.5,77.5,-80,,77.5,145,152.5,-157.5,,152.5,372.5,12,456.80,467.50,414.53,94.77,Yes,Hong Kong,,IPF,IPF,2023-06-11,Malta,,St. Julians,World Classic Powerlifting Championships
Shiva Karout,M,SBD,Raw,33,24-34,24-39,Open,72.1,74,220,230,-235,,230,130,142.5,-150,,142.5,220,235,-250,,235,607.5,19,447.23,445.27,430.97,90.40,Yes,Lebanon,,IPF,IPF,2023-06-11,Malta,,St. Julians,World Classic Powerlifting Championships
Ching-Lun Lin,M,SBD,Raw,32,24-34,24-39,Open,65.8,66,180,200,-210,,200,120,-130,-130,,120,220,235,-250,,235,555,15,435.84,436.87,424.58,86.65,Yes,Taiwan,,IPF,IPF,2023-06-11,Malta,,St. Julians,World Classic Powerlifting Championships
Daniel Kemmink,M,SBD,Raw,29.5,24-34,24-39,Open,116.6,120,-245,-245,245,,245,155,165,-170,,165,260,280,300,,300,710,22,411.76,411.06,393.66,83.58,Yes,Thailand,,IPF,IPF,2023-06-11,Malta,,St. Julians,World Classic Powerlifting Championships
Naoki Terunuma,M,SBD,Raw,25.5,24-34,24-39,Open,92.55,93,280,-287.5,-287.5,,280,185,190,192.5,,192.5,290,-305,305,,305,777.5,15,495.84,489.55,468.64,101.95,Yes,Japan,,IPF,IPF,2023-06-11,Malta,,St. Julians,World Classic Powerlifting Championships
Yuki Shibuya,M,SBD,Raw,37,35-39,24-39,Open,73.5,74,260,272.5,-283.5,,272.5,155,162.5,-167.5,,162.5,240,255,-265,,255,690,15,501.53,498.73,482.31,101.66,Yes,Japan,,IPF,IPF,2023-06-11,Malta,,St. Julians,World Classic Powerlifting Championships
Yusuke Satake,M,SBD,Raw,26.5,24-34,24-39,Open,65.85,66,-230,230,242.5,,242.5,150,155,160,,160,250,262.5,-272.5,,262.5,665,4,521.93,523.13,508.39,103.79,Yes,Japan,,IPF,IPF,2023-06-11,Malta,,St. Julians,World Classic Powerlifting Championships
Ibnu Ayyub,M,SBD,Raw,30,24-34,24-39,Open,58.6,59,180,-185,-185,,180,100,105,110,,110,200,210,220,,220,510,13,438.99,444.56,434.70,84.70,Yes,Brunei,,IPF,IPF,2023-06-11,Malta,,St. Julians,World Classic Powerlifting Championships
Alireza Rezaei,M,SBD,Raw,33.5,24-34,24-39,Open,104.75,105,315,-327.5,-327.5,,315,192.5,-197.5,197.5,,197.5,285,297.5,-307.5,,297.5,810,16,488.98,484.42,462.57,100.12,Yes,Iran,,IPF,IPF,2023-06-11,Malta,,St. Julians,World Classic Powerlifting Championships
Mehdi Mafi Gholami,M,SBD,Raw,40.5,40-44,40-49,Open,153.1,120+,350,370,387.5,,387.5,195,205,-210,,205,315,330,-332.5,,330,922.5,10,493.38,508.94,480.18,97.16,Yes,Iran,,IPF,IPF,2023-06-11,Malta,,St. Julians,World Classic Powerlifting Championships
Mehdi Tahmasebi Boldaji,M,SBD,Raw,31.5,24-34,24-39,Open,92.8,93,280,290,-295,,290,192.5,200,205,,205,312.5,327.5,330,,330,825,7,525.45,518.79,496.58,108.04,Yes,Iran,,IPF,IPF,2023-06-11,Malta,,St. Julians,World Classic Powerlifting Championships
Yosuke Horiguchi,M,SBD,Raw,29.5,24-34,24-39,Open,82.75,83,-215,215,-227.5,,215,165,-175,-175,,165,210,225,232.5,,232.5,612.5,31,414.19,409.58,394.04,84.92,Yes,Japan,,IPF,IPF,2023-06-11,Malta,,St. Julians,World Classic Powerlifting Championships
Mohammadali Mohammadi-Dinani,M,SBD,Raw,38.5,35-39,24-39,Open,101.85,105,290,-302.5,-305,,290,125,,,,125,-345,345,-355,,345,760,23,464.14,459.23,438.52,95.18,Yes,Iran,,IPF,IPF,2023-06-11,Malta,,St. Julians,World Classic Powerlifting Championships
Veronica Manning,F,SBD,Raw,24,24-34,24-39,Open,68.5,69,132.5,137.5,-140,,137.5,82.5,85,87.5,,87.5,167.5,177.5,-185,,177.5,402.5,22,412.05,406.52,358.51,83.73,Yes,New Zealand,,IPF,IPF,2023-06-11,Malta,,St. Julians,World Classic Powerlifting Championships
Pei-Yu Wang,M,SBD,Raw,24.5,24-34,24-39,Open,143.15,120+,340,360,370,,370,185,195,205,,205,310,330,345,,345,920,11,501.07,512.42,486.23,99.41,Yes,Taiwan,,IPF,IPF,2023-06-11,Malta,,St. Julians,World Classic Powerlifting Championships
Hsin-Mu Hsieh,M,SBD,Raw,26.5,24-34,24-39,Open,58.6,59,160,170,180,,180,127.5,132.5,-137.5,,132.5,190,205,215,,215,527.5,11,454.05,459.81,449.61,87.61,Yes,Taiwan,,IPF,IPF,2023-06-11,Malta,,St. Julians,World Classic Powerlifting Championships
Wei-Chun Wu,M,SBD,Raw,32.5,24-34,24-39,Open,92.2,93,275,285,290,,290,175,185,190,,190,250,275,-285,,275,755,22,482.38,476.25,455.98,99.19,Yes,Taiwan,,IPF,IPF,2023-06-11,Malta,,St. Julians,World Classic Powerlifting Championships
Regie Ramirez,M,SBD,Raw,29.5,24-34,24-39,Open,58.75,59,190,205,210,,210,100,-110,-110,,100,-237.5,245,-260,,245,555,7,476.70,482.63,471.86,92.05,Yes,Philippines,,IPF,IPF,2023-06-11,Malta,,St. Julians,World Classic Powerlifting Championships
Shawn Farrugia,M,SBD,Raw,29.5,24-34,24-39,Open,71.5,74,190,205,212.5,,212.5,135,142.5,-147.5,,142.5,205,215,-247.5,,215,570,21,421.99,420.38,407.02,85.19,Yes,Malta,,IPF,IPF,2023-06-11,Malta,,St. Julians,World Classic Powerlifting Championships
Fabiana Bermudez,F,SBD,Raw,36.5,35-39,24-39,Open,63.2,69,-90,92.5,97.5,,97.5,55,60,-65,,60,125,130,-135,,130,287.5,23,308.62,308.02,271.98,62.77,Yes,Malta,,IPF,IPF,2023-06-11,Malta,,St. Julians,World Classic Powerlifting Championships
Anastasia Hein,F,SBD,Raw,29.5,24-34,24-39,Open,56.45,57,150,155,-157.5,,155,90,92.5,95,,95,170,177.5,-182.5,,177.5,427.5,11,492.91,499.85,442.07,101.01,Yes,Germany,,IPF,IPF,2023-06-11,Malta,,St. Julians,World Classic Powerlifting Championships
Wayne Gregoraci,M,SBD,Raw,27.5,24-34,24-39,Open,102.65,105,240,260,-275,,260,145,152.5,-157.5,,152.5,260,280,-292.5,,280,692.5,27,421.54,417.21,398.38,86.41,Yes,Malta,,IPF,IPF,2023-06-11,Malta,,St. Julians,World Classic Powerlifting Championships
Mario Mifsud,M,SBD,Raw,39.5,35-39,40-49,Open,113.5,120,-240,240,242.5,,242.5,160,-170,-170,,160,300,315,-325,,315,717.5,21,420.08,418.40,400.31,85.49,Yes,Malta,,IPF,IPF,2023-06-11,Malta,,St. Julians,World Classic Powerlifting Championships
Benjamin Yu,M,SBD,Raw,33.5,24-34,24-39,Open,58,59,170,177.5,-180,,177.5,-127.5,127.5,-135,,127.5,-195,195,-207.5,,195,500,14,434.14,440.08,430.57,83.50,Yes,Canada,,IPF,IPF,2023-06-11,Malta,,St. Julians,World Classic Powerlifting Championships
Jessica Buettner,F,SBD,Raw,28,24-34,24-39,Open,75.35,76,207.5,215,220,,220,100,105,107.5,,107.5,240,-252.5,-263,,240,567.5,3,551.38,537.92,473.10,112.34,Yes,Canada,,IPF,IPF,2023-06-11,Malta,,St. Julians,World Classic Powerlifting Championships
Nada Al Qallaf,F,SBD,Raw,32,24-34,24-39,Open,45.35,47,95,102.5,107.5,,107.5,57.5,60,62.5,,62.5,135,140,-150,,140,310,15,417.27,427.61,382.35,89.11,Yes,Kuwait,,IPF,IPF,2023-06-11,Malta,,St. Julians,World Classic Powerlifting Championships
Moussa Yehia,M,SBD,Raw,34,24-34,24-39,Open,82.9,83,220,232.5,240,,240,112.5,120,-122.5,,120,305,-327.5,-327.5,,305,665,26,449.24,444.20,427.32,92.11,Yes,Lebanon,,IPF,IPF,2023-06-11,Malta,,St. Julians,World Classic Powerlifting Championships
Haya Al-Qassar,F,SBD,Raw,35.5,35-39,24-39,Open,56.1,57,130,135,-140,,135,62.5,67.5,-70,,67.5,172.5,-180,180,,180,382.5,26,442.84,449.42,397.52,90.81,Yes,Kuwait,,IPF,IPF,2023-06-11,Malta,,St. Julians,World Classic Powerlifting Championships
Brian Le #1,M,SBD,Raw,23.5,24-34,24-39,Open,65.25,66,230,242.5,-247.5,,242.5,147.5,152.5,-155,,152.5,300.5,-312.5,-312.5,,300.5,695.5,2,549.61,551.29,535.99,109.08,Yes,USA,,IPF,IPF,2023-06-11,Malta,,St. Julians,World Classic Powerlifting Championships
Wascar Carpio,M,SBD,Raw,25.5,24-34,24-39,Open,59,59,205,215,222.5,,222.5,130,137.5,142.5,,142.5,245,260,-272.5,,260,625,1,534.92,541.36,529.15,103.42,Yes,USA,,IPF,IPF,2023-06-11,Malta,,St. Julians,World Classic Powerlifting Championships
Jessica Espinal,F,SBD,Raw,21.5,20-23,19-23,Open,46.5,47,132.5,140,142.5,,142.5,85,90,95,,95,162.5,170,175,,175,412.5,2,544.91,559.05,498.77,115.57,Yes,USA,,IPF,IPF,2023-06-11,Malta,,St. Julians,World Classic Powerlifting Championships
Jesus Olivares,M,SBD,Raw,24.5,24-34,24-39,Open,181.1,120+,425,455,,,455,-250,250,-267.5,,250,350,375,-410.5,,375,1080,1,553.06,580.67,543.42,107.32,Yes,USA,,IPF,IPF,2023-06-11,Malta,,St. Julians,World Classic Powerlifting Championships
Michael Davis #1,M,SBD,Raw,27,24-34,24-39,Open,104.75,105,285,310,317.5,,317.5,210,217.5,-222.5,,217.5,330,350,-365,,350,885,4,534.25,529.28,505.40,109.39,Yes,USA,,IPF,IPF,2023-06-11,Malta,,St. Julians,World Classic Powerlifting Championships
Jonathan Cayco,M,SBD,Raw,30.5,24-34,24-39,Open,92.9,93,282.5,295,300,,300,230,237.5,243,,243,320,337.5,345,,345,888,1,565.28,558.12,534.20,116.23,Yes,USA,,IPF,IPF,2023-06-11,Malta,,St. Julians,World Classic Powerlifting Championships
Delaney Wallace,M,SBD,Raw,28,24-34,24-39,Open,82.8,83,285,295,-302.5,,295,185,-192.5,195,,195,310,325,-330,,325,815,1,550.94,544.79,524.11,112.96,Yes,USA,,IPF,IPF,2023-06-11,Malta,,St. Julians,World Classic Powerlifting Championships
Taylor Atwood,M,SBD,Raw,34.5,24-34,24-39,Open,73.75,74,255,270,-277.5,,270,182.5,192.5,197.5,,197.5,292.5,310,-323,,310,777.5,3,563.88,560.61,542.08,114.35,Yes,USA,,IPF,IPF,2023-06-11,Malta,,St. Julians,World Classic Powerlifting Championships
Bonica Brown,F,SBD,Raw,34,24-34,24-39,Open,144.35,84+,270,280.5,289,,289,145,152.5,-155,,152.5,-240,-240,-240,,-240,,DQ,,,,,Yes,USA,,IPF,IPF,2023-06-11,Malta,,St. Julians,World Classic Powerlifting Championships
Amanda Lawrence #1,F,SBD,Raw,26,24-34,24-39,Open,83.65,84,230,242.5,249,,249,122.5,127.5,130,,130,242.5,257.5,-267.5,,257.5,636.5,1,586.84,568.78,497.40,120.40,Yes,USA,,IPF,IPF,2023-06-11,Malta,,St. Julians,World Classic Powerlifting Championships
Dayna McNeal,F,SBD,Raw,38.5,35-39,24-39,Open,74.7,76,187.5,195,200,,200,92.5,97.5,-102.5,,97.5,230,240,-262,,240,537.5,5,524.62,512.26,450.68,106.85,Yes,USA,,IPF,IPF,2023-06-11,Malta,,St. Julians,World Classic Powerlifting Championships
Chelsea Savit,F,SBD,Raw,31.5,24-34,24-39,Open,68.9,69,170,180,187.5,,187.5,117.5,122.5,127.5,,127.5,-205,210,215,,215,530,4,540.78,533.11,470.09,109.89,Yes,USA,,IPF,IPF,2023-06-11,Malta,,St. Julians,World Classic Powerlifting Championships
Heather Connor,F,SBD,Raw,32,24-34,24-39,Open,46.45,47,-132.5,-132.5,132.5,,132.5,70,75,-77.5,,75,182.5,192.5,200,,200,407.5,3,538.74,552.69,493.15,114.30,Yes,USA,,IPF,IPF,2023-06-11,Malta,,St. Julians,World Classic Powerlifting Championships
Natalie Richards #1,F,SBD,Raw,24.5,24-34,24-39,Open,55.8,57,165,172.5,180,,180,97.5,105,107.5,,107.5,200,215,225,,225,512.5,1,595.46,604.70,534.92,122.18,Yes,USA,,IPF,IPF,2023-06-11,Malta,,St. Julians,World Classic Powerlifting Championships
Torben H. Strømsvik,M,SBD,Raw,30.5,24-34,24-39,Open,104.8,105,255,265,-272.5,,265,192.5,-200,200,,200,300,315,-335,,315,780,22,470.78,466.40,445.37,96.39,Yes,Norway,,IPF,IPF,2023-06-11,Malta,,St. Julians,World Classic Powerlifting Championships
Inderraj Singh Dhillon,M,SBD,Raw,31.5,24-34,24-39,Open,119.75,120,320,340,-345,,340,170,180,-182.5,,180,345,375,386,,386,906,3,520.68,521.13,499.37,105.41,Yes,England,,IPF,IPF,2023-06-11,Malta,,St. Julians,World Classic Powerlifting Championships
Toni Johannessen Amengual,M,SBD,Raw,30.5,24-34,24-39,Open,104.45,105,-280,280,290,,290,185,192.5,200,,200,320,342.5,-352.5,,342.5,832.5,9,503.15,498.39,475.90,103.04,Yes,Norway,,IPF,IPF,2023-06-11,Malta,,St. Julians,World Classic Powerlifting Championships
Ben Pape,M,SBD,Raw,26,24-34,24-39,Open,104.75,105,312.5,330,-335,,330,182.5,190,-192.5,,190,330,355,-362.5,,355,875,7,528.22,523.30,499.69,108.15,Yes,England,,IPF,IPF,2023-06-11,Malta,,St. Julians,World Classic Powerlifting Championships
Alessandro Messina,M,SBD,Raw,27.5,24-34,24-39,Open,81.2,83,245,255,262.5,,262.5,157.5,162.5,-167.5,,162.5,312.5,322.5,-330,,322.5,747.5,10,510.97,505.61,486.84,104.63,Yes,Italy,,IPF,IPF,2023-06-11,Malta,,St. Julians,World Classic Powerlifting Championships
Pijus Alisauskas,M,SBD,Raw,24.5,24-34,24-39,Open,82.7,83,245,260,-267.5,,260,170,180,-187.5,,180,255,275,290,,290,730,15,493.82,488.32,469.81,101.24,Yes,Germany,,IPF,IPF,2023-06-11,Malta,,St. Julians,World Classic Powerlifting Championships
Enahoro Asein,M,SBD,Raw,23.5,24-34,24-39,Open,82.6,83,265,275,280,,280,145,152.5,155,,155,350,370.5,-380.5,,370.5,805.5,2,545.27,539.22,518.81,111.78,Yes,Hungary,,IPF,IPF,2023-06-11,Malta,,St. Julians,World Classic Powerlifting Championships
Martin Hladík,M,SBD,Raw,28.5,24-34,24-39,Open,82.9,83,242.5,252.5,260,,260,150,157.5,162.5,,162.5,300,312.5,-317.5,,312.5,735,13,496.53,490.96,472.30,101.81,Yes,Czechia,,IPF,IPF,2023-06-11,Malta,,St. Julians,World Classic Powerlifting Championships
Edoardo Mazzucchielli,M,SBD,Raw,23.5,24-34,24-39,Open,82.75,83,282.5,297.5,-307.5,,297.5,167.5,172.5,-175,,172.5,297.5,315,-322.5,,315,785,8,530.84,524.93,505.01,108.83,Yes,Italy,,IPF,IPF,2023-06-11,Malta,,St. Julians,World Classic Powerlifting Championships
Ubong Raphael Idem,F,SBD,Raw,28.5,24-34,24-39,Open,83.5,84,170,180,190,,190,95,100,102.5,,102.5,177.5,190,200,,200,492.5,12,454.47,440.50,385.27,93.23,Yes,Hungary,,IPF,IPF,2023-06-11,Malta,,St. Julians,World Classic Powerlifting Championships
Anna Kronborg Haar,F,SBD,Raw,29.5,24-34,24-39,Open,82.6,84,172.5,182.5,-187.5,,182.5,90,95,-97.5,,95,170,180,185,,185,462.5,13,429.01,415.97,364.09,87.93,Yes,Denmark,,IPF,IPF,2023-06-11,Malta,,St. Julians,World Classic Powerlifting Championships
Jenny Heyerdahl Bryhni,F,SBD,Raw,29.5,24-34,24-39,Open,80.6,84,157.5,167.5,-177.5,,167.5,-107.5,-107.5,107.5,,107.5,162.5,172.5,180,,180,455,14,427.14,414.62,363.45,87.38,Yes,Norway,,IPF,IPF,2023-06-11,Malta,,St. Julians,World Classic Powerlifting Championships
Ziana Azariah,F,SBD,Raw,25.5,24-34,24-39,Open,83.9,84,190,200,207.5,,207.5,95,100,102.5,,102.5,225,237.5,247.5,,247.5,557.5,3,513.28,497.44,434.92,105.33,Yes,England,,IPF,IPF,2023-06-11,Malta,,St. Julians,World Classic Powerlifting Championships
Kristýna Rakovská,F,SBD,Raw,29.5,24-34,24-39,Open,75.4,76,165,175,180,,180,95,100,-102.5,,100,187.5,200,-205,,200,480,15,466.20,454.80,399.98,94.99,Yes,Czechia,,IPF,IPF,2023-06-11,Malta,,St. Julians,World Classic Powerlifting Championships
Mira Lahtinen,F,SBD,Raw,35.5,35-39,24-39,Open,75.15,76,162.5,170,177.5,,177.5,112.5,117.5,120,,120,185,200,-210,,200,497.5,12,484.04,472.35,415.47,98.61,Yes,Finland,,IPF,IPF,2023-06-11,Malta,,St. Julians,World Classic Powerlifting Championships
Barbora Josková,F,SBD,Raw,25.5,24-34,24-39,Open,68.4,69,150,-157.5,-157.5,,150,100,-105,-105,,100,185,-192.5,192.5,,192.5,442.5,18,453.37,447.39,394.56,92.12,Yes,Czechia,,IPF,IPF,2023-06-11,Malta,,St. Julians,World Classic Powerlifting Championships
Jorill Nese,F,SBD,Raw,24.5,24-34,24-39,Open,73.5,76,162.5,172.5,180,,180,100,105,107.5,,107.5,165,175,182.5,,182.5,470,19,462.73,452.58,398.40,94.18,Yes,Norway,,IPF,IPF,2023-06-11,Malta,,St. Julians,World Classic Powerlifting Championships
Esmee Dijjers,F,SBD,Raw,26.5,24-34,24-39,Open,63,63,150,157.5,160,,160,80,82.5,85,,85,195,205,210,,210,455,9,489.36,488.65,431.49,99.55,Yes,Netherlands,,IPF,IPF,2023-06-11,Malta,,St. Julians,World Classic Powerlifting Championships
Mathilde Oestergaard,F,SBD,Raw,28.5,24-34,24-39,Open,56.9,57,132.5,140,-145,,140,77.5,-82.5,82.5,,82.5,160,170,-177.5,,170,392.5,24,450.20,456.08,403.30,92.19,Yes,Denmark,,IPF,IPF,2023-06-11,Malta,,St. Julians,World Classic Powerlifting Championships
Alessandra Cernigliaro,F,SBD,Raw,27.5,24-34,24-39,Open,56.6,57,167.5,-175,-175,,167.5,90,95,97.5,,97.5,170,180,187.5,,187.5,452.5,5,520.83,527.98,466.92,106.71,Yes,Italy,,IPF,IPF,2023-06-11,Malta,,St. Julians,World Classic Powerlifting Championships
Sarah Klein #1,F,SBD,Raw,35,35-39,24-39,Open,50.6,52,135,140,142.5,,142.5,77.5,82.5,-85,,82.5,170,180,185,,185,410,7,509.40,521.95,463.19,106.03,Yes,Germany,,IPF,IPF,2023-06-11,Malta,,St. Julians,World Classic Powerlifting Championships
Bálint P. Nagy,M,SBD,Raw,28.5,24-34,24-39,Open,92.55,93,-250,250,265,,265,177.5,187.5,-195,,187.5,270,-287.5,-295,,270,722.5,30,460.77,454.92,435.49,94.74,Yes,Hungary,,IPF,IPF,2023-06-11,Malta,,St. Julians,World Classic Powerlifting Championships
Ilyes Boughalem,M,SBD,Raw,36,35-39,24-39,Open,164.65,120+,335,-355,360,,360,265,280,-292,,280,280,290,315,,315,955,6,501.11,521.29,487.55,97.98,Yes,Algeria,,IPF,IPF,2023-06-11,Malta,,St. Julians,World Classic Powerlifting Championships
Alexander Örn Kárason,M,SBD,Raw,24.5,24-34,24-39,Open,92.85,93,250,265,-275,,265,-175,175,-185,,175,280,-300,-300,,280,720,31,458.46,452.64,433.25,94.27,Yes,Iceland,,IPF,IPF,2023-06-11,Malta,,St. Julians,World Classic Powerlifting Championships
Taras Melnichuk,M,SBD,Raw,22,20-23,19-23,Open,119,120,310,-315,-315,,310,215,222.5,227.5,,227.5,310,320,-330,,320,857.5,8,493.85,493.97,473.30,100.05,Yes,Ukraine,,IPF,IPF,2023-06-11,Malta,,St. Julians,World Classic Powerlifting Championships
Sil Maris,M,SBD,Raw,26.5,24-34,24-39,Open,92.1,93,260,275,-282.5,,275,160,167.5,170,,170,292.5,312.5,-320,,312.5,757.5,20,484.23,478.08,457.75,99.57,Yes,Netherlands,,IPF,IPF,2023-06-11,Malta,,St. Julians,World Classic Powerlifting Championships
Dariya Iskiv,F,SBD,Raw,24,24-34,24-39,Open,68.7,69,170,-175,-177.5,,170,-105,105,107.5,,107.5,187.5,195,-200,,195,472.5,12,482.90,476.24,419.97,98.13,Yes,Ukraine,,IPF,IPF,2023-06-11,Malta,,St. Julians,World Classic Powerlifting Championships
Kelly Millecamps,F,SBD,Raw,24,24-34,24-39,Open,82.05,84,200,210,-217.5,,210,95,-102.5,-102.5,,95,205,220,-230,,220,525,7,488.56,473.84,414.91,100.08,Yes,France,,IPF,IPF,2023-06-11,Malta,,St. Julians,World Classic Powerlifting Championships
Jade Jacob,F,SBD,Raw,22,20-23,19-23,Open,56.65,57,172.5,180,182.5,,182.5,95,-97.5,97.5,,97.5,215,222.5,-232.5,,222.5,502.5,2,578.04,585.92,518.15,118.42,Yes,France,,IPF,IPF,2023-06-11,Malta,,St. Julians,World Classic Powerlifting Championships
Sophia Ellis,F,SBD,Raw,26.5,24-34,24-39,Open,74.7,76,162.5,172.5,177.5,,177.5,110,115,120,,120,225,237.5,245,,245,542.5,4,529.50,517.02,454.87,107.84,Yes,England,,IPF,IPF,2023-06-11,Malta,,St. Julians,World Classic Powerlifting Championships
Kristín Þórhallsdóttir,F,SBD,Raw,38.5,35-39,24-39,Open,83.55,84,-210,210,-222.5,,210,115,122.5,125,,125,220,230,-240,,230,565,2,521.22,505.19,441.83,106.92,Yes,Iceland,,IPF,IPF,2023-06-11,Malta,,St. Julians,World Classic Powerlifting Championships
Annie Nelson,F,SBD,Raw,26.5,24-34,24-39,Open,68.65,69,-175,175,190,,190,100,105,-107.5,,105,195,207.5,-215,,207.5,502.5,8,513.78,506.74,446.87,104.40,Yes,Scotland,,IPF,IPF,2023-06-11,Malta,,St. Julians,World Classic Powerlifting Championships
Karin Angelini,F,SBD,Raw,25.5,24-34,24-39,Open,46.9,47,122.5,127.5,-132.5,,127.5,65,70,72.5,,72.5,140,150,160,,160,360,6,472.55,484.91,432.33,100.00,Yes,Italy,,IPF,IPF,2023-06-11,Malta,,St. Julians,World Classic Powerlifting Championships
Tiffany Chapon,F,SBD,Raw,21.5,20-23,19-23,Open,46.9,47,150,157.5,-160,,157.5,95,99.5,-100.5,,99.5,160,167.5,-172.5,,167.5,424.5,1,557.21,571.79,509.79,117.92,Yes,France,,IPF,IPF,2023-06-11,Malta,,St. Julians,World Classic Powerlifting Championships
Temur Samkharadze,M,SBD,Raw,21.5,20-23,19-23,Open,148.95,120+,380,-405,-405,,380,210,220,-230,,220,360,375,382.5,,382.5,982.5,2,529.35,544.15,514.78,104.55,Yes,Georgia,,IPF,IPF,2023-06-11,Malta,,St. Julians,World Classic Powerlifting Championships
Nicolas Peyraud,M,SBD,Raw,23.5,24-34,24-39,Open,112.35,120,300,317.5,327.5,,327.5,205,212.5,215,,215,325,342.5,352.5,,352.5,895,4,525.94,523.41,500.59,107.13,Yes,France,,IPF,IPF,2023-06-11,Malta,,St. Julians,World Classic Powerlifting Championships
Arnold Veenhof,M,SBD,Raw,24.5,24-34,24-39,Open,82.95,83,250,265,272.5,,272.5,160,167.5,-170,,167.5,265,277.5,290,,290,730,16,492.98,487.45,468.91,101.08,Yes,Netherlands,,IPF,IPF,2023-06-11,Malta,,St. Julians,World Classic Powerlifting Championships
Tadej Kovačič,M,SBD,Raw,30.5,24-34,24-39,Open,119.75,120,277.5,295,307.5,,307.5,150,155,157.5,,157.5,275,-295,-307.5,,275,740,20,425.28,425.65,407.88,86.10,Yes,Slovenia,,IPF,IPF,2023-06-11,Malta,,St. Julians,World Classic Powerlifting Championships
Uros Pihler,M,SBD,Raw,26.5,24-34,24-39,Open,104.75,105,260,275,-280,,275,147.5,155,160,,160,290,305,315,,315,750,26,452.76,448.54,428.31,92.70,Yes,Slovenia,,IPF,IPF,2023-06-11,Malta,,St. Julians,World Classic Powerlifting Championships
Abdul Majeed Sulayman,M,SBD,Raw,26,24-34,24-39,Open,104.5,105,300,320,-325,,320,195,202.5,207.5,,207.5,-340,340,352.5,,352.5,880,6,531.75,526.73,502.97,108.89,Yes,England,,IPF,IPF,2023-06-11,Malta,,St. Julians,World Classic Powerlifting Championships
Jurins Kengamu,M,SBD,Raw,34,24-34,24-39,Open,82.6,83,290,-305,-305,,290,167.5,175,-180,,175,310,325,-330,,325,790,6,534.77,528.84,508.82,109.62,Yes,England,,IPF,IPF,2023-06-11,Malta,,St. Julians,World Classic Powerlifting Championships
Dennis Fastelli,M,SBD,Raw,28.5,24-34,24-39,Open,73.5,74,262.5,270,277.5,,277.5,127.5,132.5,137.5,,137.5,270,280,292.5,,292.5,707.5,10,514.25,511.38,494.54,104.23,Yes,Italy,,IPF,IPF,2023-06-11,Malta,,St. Julians,World Classic Powerlifting Championships
Antoine Garcia,M,SBD,Raw,27.5,24-34,24-39,Open,58.8,59,207.5,215,217.5,,217.5,117.5,125,127.5,,127.5,230,242.5,-255,,242.5,587.5,4,504.25,510.49,499.07,97.39,Yes,France,,IPF,IPF,2023-06-11,Malta,,St. Julians,World Classic Powerlifting Championships
Tasmin Campbell,F,SBD,Raw,38.5,35-39,24-39,Open,68.5,69,162.5,170,-175,,170,112.5,117.5,120,,120,207.5,215,222.5,,222.5,512.5,5,524.66,517.62,456.49,106.61,Yes,Scotland,,IPF,IPF,2023-06-11,Malta,,St. Julians,World Classic Powerlifting Championships
Lea Schreiner,F,SBD,Raw,28,24-34,24-39,Open,77.55,84,180,187.5,-192.5,,187.5,105,107.5,-110,,107.5,210,217.5,222.5,,222.5,517.5,10,495.34,482.04,423.43,101.08,Yes,Germany,,IPF,IPF,2023-06-11,Malta,,St. Julians,World Classic Powerlifting Championships
Sara Ellegaard Andreasen,F,SBD,Raw,29.5,24-34,24-39,Open,56.45,57,117.5,125,130,,130,92.5,97.5,100,,100,160,170,177.5,,177.5,407.5,18,469.85,476.47,421.39,96.29,Yes,Denmark,,IPF,IPF,2023-06-11,Malta,,St. Julians,World Classic Powerlifting Championships
Blanka Bartoňková,F,SBD,Raw,28,24-34,24-39,Open,55.4,57,140,150,157.5,,157.5,70,75,-80,,75,160,170,177.5,,177.5,410,16,478.65,486.50,430.43,98.29,Yes,Czechia,,IPF,IPF,2023-06-11,Malta,,St. Julians,World Classic Powerlifting Championships
Mylène van der Spek,F,SBD,Raw,29.5,24-34,24-39,Open,56.8,57,155,160,-162.5,,160,87.5,90,-92.5,,90,170,-180,-180,,170,420,12,482.30,488.71,432.16,98.78,Yes,Netherlands,,IPF,IPF,2023-06-11,Malta,,St. Julians,World Classic Powerlifting Championships
Marte Kjenner,F,SBD,Raw,33.5,24-34,24-39,Open,68.55,69,180,192.5,-197.5,,192.5,115,120,-122.5,,120,205,220,-227.5,,220,532.5,2,544.90,537.55,474.05,110.72,Yes,Norway,,IPF,IPF,2023-06-11,Malta,,St. Julians,World Classic Powerlifting Championships
Temitope Nuga,F,SBD,Raw,37.5,35-39,24-39,Open,82.6,84,180,192.5,200,,200,102.5,110,115,,115,217.5,230,240,,240,555,4,514.81,499.17,436.90,105.51,Yes,England,,IPF,IPF,2023-06-11,Malta,,St. Julians,World Classic Powerlifting Championships
Nino Tchrikishvili,F,SBD,Raw,31.5,24-34,24-39,Open,68.7,69,-160,-160,160,,160,85,92.5,-95,,92.5,200,-215,-215,,200,452.5,17,462.46,456.08,402.20,93.97,Yes,Georgia,,IPF,IPF,2023-06-11,Malta,,St. Julians,World Classic Powerlifting Championships
Chiara Bernardi,F,SBD,Raw,24,24-34,24-39,Open,62.4,63,-182.5,185,-192.5,,185,107.5,-115,115,,115,202.5,215,220,,220,520,3,562.55,562.53,496.78,114.48,Yes,Italy,,IPF,IPF,2023-06-11,Malta,,St. Julians,World Classic Powerlifting Championships
Mattia Perazzuolo,M,SBD,Raw,30.5,24-34,24-39,Open,102.9,105,290,-300,,,290,180,187.5,-195,,187.5,320,335,-345,,335,812.5,13,494.08,489.06,466.99,101.27,Yes,Italy,,IPF,IPF,2023-06-11,Malta,,St. Julians,World Classic Powerlifting Championships
Maximilian Eisinger,M,SBD,Raw,30,24-34,24-39,Open,82.45,83,255,262.5,270,,270,175,180,-182.5,,180,265,277.5,290,,290,740,12,501.44,495.91,477.18,102.78,Yes,Germany,,IPF,IPF,2023-06-11,Malta,,St. Julians,World Classic Powerlifting Championships
Joshua Wright #1,M,SBD,Raw,37,35-39,24-39,Open,73.4,74,225,237.5,242.5,,242.5,177.5,-185,185,,185,285,300,315,,315,742.5,7,540.17,537.20,519.54,109.47,Yes,Germany,,IPF,IPF,2023-06-11,Malta,,St. Julians,World Classic Powerlifting Championships
Anders Broeten Lillemoe,M,SBD,Raw,23.5,24-34,24-39,Open,119.75,120,280,295,305,,305,162.5,-170,-170,,162.5,325,345,-370,,345,812.5,17,466.95,467.35,447.84,94.54,Yes,Norway,,IPF,IPF,2023-06-11,Malta,,St. Julians,World Classic Powerlifting Championships
Áron Hegedűs,M,SBD,Raw,26.5,24-34,24-39,Open,103.8,105,270,292.5,305,,305,165,177.5,-182.5,,177.5,300,335,-355,,335,817.5,11,495.34,490.51,468.36,101.47,Yes,Hungary,,IPF,IPF,2023-06-11,Malta,,St. Julians,World Classic Powerlifting Championships
Benjamin Rastum,M,SBD,Raw,23.5,24-34,24-39,Open,92.8,93,270,280,285,,285,-172.5,172.5,180,,180,270,285,-290,,285,750,27,477.68,471.63,451.43,98.22,Yes,Norway,,IPF,IPF,2023-06-11,Malta,,St. Julians,World Classic Powerlifting Championships
Emil Krastev,M,SBD,Raw,26,24-34,24-39,Open,92.75,93,277.5,292.5,302.5,,302.5,215,222.5,232.5,,232.5,320,337.5,-342.5,,337.5,872.5,3,555.85,548.80,525.31,114.29,Yes,Bulgaria,,IPF,IPF,2023-06-11,Malta,,St. Julians,World Classic Powerlifting Championships
Paul Rembauville,M,SBD,Raw,26,24-34,24-39,Open,73.9,74,260,-272.5,-272.5,,260,152.5,157.5,162.5,,162.5,295,312.5,322.5,,322.5,745,6,539.59,536.40,518.62,109.45,Yes,France,,IPF,IPF,2023-06-11,Malta,,St. Julians,World Classic Powerlifting Championships
Julie Fosseide,F,SBD,Raw,30.5,24-34,24-39,Open,56.75,57,135,140,-145,,140,82.5,85,87.5,,87.5,155,162.5,-170,,162.5,390,25,448.11,454.12,401.58,91.78,Yes,Norway,,IPF,IPF,2023-06-11,Malta,,St. Julians,World Classic Powerlifting Championships
Sascha Stendebach,M,SBD,Raw,32,24-34,24-39,Open,92.9,93,272.5,280,285,,285,202.5,210,212.5,,212.5,335,357.5,365,,365,862.5,4,549.05,542.09,518.86,112.89,Yes,Germany,,IPF,IPF,2023-06-11,Malta,,St. Julians,World Classic Powerlifting Championships
Sovannphaktra Pal,F,SBD,Raw,31.5,24-34,24-39,Open,56.85,57,165,172.5,-175,,172.5,82.5,-90,-90,,82.5,170,180,-190,,180,435,8,499.24,505.81,447.28,102.24,Yes,France,,IPF,IPF,2023-06-11,Malta,,St. Julians,World Classic Powerlifting Championships
Annalisa Motta,F,SBD,Raw,27.5,24-34,24-39,Open,45.65,47,120,125,-130,,125,72.5,77.5,-80,,77.5,142.5,150,-157.5,,150,352.5,7,472.12,484.00,432.51,100.64,Yes,Italy,,IPF,IPF,2023-06-11,Malta,,St. Julians,World Classic Powerlifting Championships
Sara Naldi,F,SBD,Raw,24.5,24-34,24-39,Open,66.25,69,175,185,192.5,,192.5,97.5,102.5,105,,105,207.5,-217.5,-222.5,,207.5,505,6,527.06,522.43,461.00,107.10,Yes,Italy,,IPF,IPF,2023-06-11,Malta,,St. Julians,World Classic Powerlifting Championships
Viktoria Druziaka,F,SBD,Raw,25,24-34,24-39,Open,51.9,52,145,152.5,-157.5,,152.5,85,90,92.5,,92.5,142.5,150,155,,155,400,9,488.21,499.40,442.70,101.17,Yes,Ukraine,,IPF,IPF,2023-06-11,Malta,,St. Julians,World Classic Powerlifting Championships
Amélie Mierger,F,SBD,Raw,30.5,24-34,24-39,Open,147.9,84+,240,245,250,,250,155,160,-165,,160,210,217.5,232.5,,232.5,642.5,4,495.59,495.20,416.01,107.30,Yes,France,,IPF,IPF,2023-06-11,Malta,,St. Julians,World Classic Powerlifting Championships
Prescillia Bavoil,F,SBD,Raw,29,24-34,24-39,Open,65.25,69,195,205,211.5,,211.5,105,110,115,,115,210,222.5,-240.5,,222.5,549,1,578.14,574.32,506.91,117.50,Yes,France,,IPF,IPF,2023-06-11,Malta,,St. Julians,World Classic Powerlifting Championships
Iris Scholten,F,SBD,Raw,30.5,24-34,24-39,Open,67.45,69,187.5,195,-200,,195,110,-115,-117.5,,110,185,195,-202.5,,195,500,9,516.42,510.58,450.41,104.93,Yes,Netherlands,,IPF,IPF,2023-06-11,Malta,,St. Julians,World Classic Powerlifting Championships
Bobbie Butters,F,SBD,Raw,28,24-34,24-39,Open,56.7,57,175,182.5,-186,,182.5,102.5,107.5,-110,,107.5,170,180,182.5,,182.5,472.5,4,543.22,550.56,486.87,111.27,Yes,England,,IPF,IPF,2023-06-11,Malta,,St. Julians,World Classic Powerlifting Championships
Pleun Dekkers,F,SBD,Raw,28.5,24-34,24-39,Open,51.85,52,160,167.5,-170,,167.5,82.5,87.5,90,,90,162.5,-170,-170,,162.5,420,5,512.97,524.76,465.20,106.32,Yes,Netherlands,,IPF,IPF,2023-06-11,Malta,,St. Julians,World Classic Powerlifting Championships
Carl Petter Sommerseth,M,SBD,Raw,37.5,35-39,24-39,Open,119.15,120,275,282.5,-285,,282.5,190,200,207.5,,207.5,300,330,-355,,330,820,16,472.05,472.22,452.48,95.62,Yes,Norway,,IPF,IPF,2023-06-11,Malta,,St. Julians,World Classic Powerlifting Championships
Christian Ayandokun,M,SBD,Raw,31,24-34,24-39,Open,92.9,93,250,270,282.5,,282.5,190,200,-202.5,,200,315,340,-360,,340,822.5,8,523.59,516.95,494.80,107.66,Yes,England,,IPF,IPF,2023-06-11,Malta,,St. Julians,World Classic Powerlifting Championships
Nataliia Zhukovska,F,SBD,Raw,41.5,40-44,40-49,Open,62.85,63,145,150,152.5,,152.5,90,92.5,-95,,92.5,200,-205,-205,,200,445,10,479.30,478.77,422.78,97.51,Yes,Ukraine,,IPF,IPF,2023-06-11,Malta,,St. Julians,World Classic Powerlifting Championships
Corentin Clément,M,SBD,Raw,23,20-23,19-23,Open,104.9,105,305,320,327.5,,327.5,197.5,205,207.5,,207.5,330,350,-365,,350,885,5,533.95,529.01,505.15,109.31,Yes,France,,IPF,IPF,2023-06-11,Malta,,St. Julians,World Classic Powerlifting Championships
Panagiotis Tarinidis,M,SBD,Raw,28,24-34,24-39,Open,65.95,66,235,247.5,-252.5,,247.5,165,170,172.5,,172.5,270,285,-292.5,,285,705,1,552.70,553.91,538.26,109.94,Yes,France,,IPF,IPF,2023-06-11,Malta,,St. Julians,World Classic Powerlifting Championships
Yanis Bouchou,M,SBD,Raw,26.5,24-34,24-39,Open,82.6,83,270,275,-280,,275,175,180,182.5,,182.5,305,335,337.5,,337.5,795,4,538.16,532.19,512.04,110.32,Yes,France,,IPF,IPF,2023-06-11,Malta,,St. Julians,World Classic Powerlifting Championships
Clara Peyraud,F,SBD,Raw,21,20-23,19-23,Open,68.85,69,170,177.5,182.5,,182.5,115,120,-125,,120,212.5,222.5,227.5,,227.5,530,3,541.00,533.38,470.34,109.94,Yes,France,,IPF,IPF,2023-06-11,Malta,,St. Julians,World Classic Powerlifting Championships
Katja Babič,F,SBD,Raw,30,24-34,24-39,Open,56.45,57,142.5,147.5,152.5,,152.5,75,80,82.5,,82.5,160,167.5,172.5,,172.5,407.5,19,469.85,476.47,421.39,96.29,Yes,Slovenia,,IPF,IPF,2023-06-11,Malta,,St. Julians,World Classic Powerlifting Championships
Noémie Allabert,F,SBD,Raw,32.5,24-34,24-39,Open,52,52,-162.5,162.5,-170,,162.5,82.5,87.5,-90,,87.5,187.5,195,200,,200,450,2,548.51,560.99,497.26,113.63,Yes,France,,IPF,IPF,2023-06-11,Malta,,St. Julians,World Classic Powerlifting Championships
Bob van den Boogaard,M,SBD,Raw,27.5,24-34,24-39,Open,105,105,297.5,312.5,-317.5,,312.5,152.5,162.5,170,,170,310,327.5,332.5,,332.5,815,12,491.52,487.01,465.04,100.62,Yes,Netherlands,,IPF,IPF,2023-06-11,Malta,,St. Julians,World Classic Powerlifting Championships
Anatolii Novopismennyi,M,SBD,Raw,26.5,24-34,24-39,Open,104,105,345,355,362.5,,362.5,212.5,222.5,225,,225,330,340,352.5,,352.5,940,1,569.12,563.61,538.17,116.58,Yes,Ukraine,,IPF,IPF,2023-06-11,Malta,,St. Julians,World Classic Powerlifting Championships
Jari Saario,M,SBD,Raw,37.5,35-39,24-39,Open,148.35,120+,315,340,-357.5,,340,-187.5,187.5,-192.5,,187.5,335,355,367.5,,367.5,895,14,482.73,495.97,469.34,95.39,Yes,Finland,,IPF,IPF,2023-06-11,Malta,,St. Julians,World Classic Powerlifting Championships
Mikko Muttonen,M,SBD,Raw,35.5,35-39,24-39,Open,93,93,220,,,,220,170,180,-185,,180,300,,,,300,700,35,445.38,439.73,420.87,91.57,Yes,Finland,,IPF,IPF,2023-06-11,Malta,,St. Julians,World Classic Powerlifting Championships
Juan Carlos Pereyra,M,SBD,Raw,31.5,24-34,24-39,Open,90.7,93,-235,235,-245,,235,-165,165,172.5,,172.5,240,-252.5,,,240,647.5,37,417.05,411.75,394.49,85.75,Yes,Uruguay,,IPF,IPF,2023-06-11,Malta,,St. Julians,World Classic Powerlifting Championships
Tuulia Lohivuo,F,SBD,Raw,25.5,24-34,24-39,Open,75.3,76,165,172.5,-177.5,,172.5,97.5,102.5,107.5,,107.5,180,-187.5,-187.5,,180,460,22,447.09,436.21,383.65,91.09,Yes,Finland,,IPF,IPF,2023-06-11,Malta,,St. Julians,World Classic Powerlifting Championships
Stina Lindell,F,SBD,Raw,34.5,24-34,24-39,Open,68.35,69,-167.5,170,177.5,,177.5,112.5,-117.5,-117.5,,112.5,170,180,-200,,180,470,13,481.75,475.43,419.30,97.89,Yes,Finland,,IPF,IPF,2023-06-11,Malta,,St. Julians,World Classic Powerlifting Championships
Joy Nnamani,F,SBD,Raw,30.5,24-34,24-39,Open,62.5,63,167.5,177.5,-182.5,,177.5,95,100,102.5,,102.5,207.5,225,-240.5,,225,505,4,545.78,545.64,481.85,111.06,Yes,England,,IPF,IPF,2023-06-11,Malta,,St. Julians,World Classic Powerlifting Championships
Teemu Hällfors,M,SBD,Raw,27.5,24-34,24-39,Open,81.95,83,225,242.5,252.5,,252.5,175,-182.5,-185,,175,245,-265,-265,,245,672.5,25,457.28,452.33,435.36,93.69,Yes,Finland,,IPF,IPF,2023-06-11,Malta,,St. Julians,World Classic Powerlifting Championships
Māris Juzups,M,SBD,Raw,34.5,24-34,24-39,Open,119.85,120,310,325,-337.5,,325,222.5,-232.5,-237.5,,222.5,280,295,305,,305,852.5,9,489.80,490.26,469.80,99.15,Yes,Latvia,,IPF,IPF,2023-06-11,Malta,,St. Julians,World Classic Powerlifting Championships
Jure Rus,M,SBD,Raw,32,24-34,24-39,Open,82.5,83,250,262.5,270,,270,157.5,162.5,-167.5,,162.5,265,280,287.5,,287.5,720,19,487.72,482.33,464.10,99.97,Yes,Slovenia,,IPF,IPF,2023-06-11,Malta,,St. Julians,World Classic Powerlifting Championships
Aleksandra Aranitovic,F,SBD,Raw,32.5,24-34,24-39,Open,51.9,52,-145,-152.5,152.5,,152.5,92.5,95,97.5,,97.5,170,175,-182.5,,175,425,4,518.73,530.61,470.37,107.49,Yes,Serbia,,IPF,IPF,2023-06-11,Malta,,St. Julians,World Classic Powerlifting Championships
Viktor Samúelsson,M,SBD,Raw,29.5,24-34,24-39,Open,104.85,105,270,280,290,,290,185,195,200,,200,300,312.5,322.5,,322.5,812.5,14,490.30,485.76,463.85,100.38,Yes,Iceland,,IPF,IPF,2023-06-11,Malta,,St. Julians,World Classic Powerlifting Championships
Kjell Egil Bakkelund,M,SBD,Raw,34.5,24-34,24-39,Open,73.4,74,232.5,242.5,250,,250,182.5,187.5,192.5,,192.5,300,317.5,-328,,317.5,760,4,552.91,549.86,531.79,112.05,Yes,Norway,,IPF,IPF,2023-06-11,Malta,,St. Julians,World Classic Powerlifting Championships
Dmytro Vovk,M,SBD,Raw,27,24-34,24-39,Open,143,120+,335,352.5,-362.5,,352.5,-235,235,247.5,,247.5,315,335,-345,,335,935,8,509.38,520.86,494.27,101.08,Yes,Ukraine,,IPF,IPF,2023-06-11,Malta,,St. Julians,World Classic Powerlifting Championships
Jens Peter Smalbro,M,SBD,Raw,28.5,24-34,24-39,Open,119.55,120,300,320,-327.5,,320,165,177.5,185,,185,325,342.5,-355,,342.5,847.5,10,487.34,487.67,467.30,98.68,Yes,Denmark,,IPF,IPF,2023-06-11,Malta,,St. Julians,World Classic Powerlifting Championships
Mia Schjøtt Irving,F,SBD,Raw,24.5,24-34,24-39,Open,68.9,69,157.5,165,172.5,,172.5,80,82.5,85,,85,185,197.5,-207.5,,197.5,455,16,464.25,457.67,403.57,94.34,Yes,Denmark,,IPF,IPF,2023-06-11,Malta,,St. Julians,World Classic Powerlifting Championships
Lisette I Hansen,F,SBD,Raw,34,24-34,24-39,Open,46.8,47,107.5,112.5,117.5,,117.5,62.5,65,,,65,130,137.5,-147.5,,137.5,320,13,420.71,431.69,384.95,89.08,Yes,Denmark,,IPF,IPF,2023-06-11,Malta,,St. Julians,World Classic Powerlifting Championships
Katja Jørgensen,F,SBD,Raw,34.5,24-34,24-39,Open,81.05,84,175,185,190,,190,102.5,107.5,110,,110,205,217.5,225,,225,525,6,491.50,476.95,417.96,100.59,Yes,Denmark,,IPF,IPF,2023-06-11,Malta,,St. Julians,World Classic Powerlifting Championships
Maja Bonde,F,SBD,Raw,29.5,24-34,24-39,Open,75.8,76,157.5,165,172.5,,172.5,95,100,-102.5,,100,185,200,,,200,472.5,18,457.64,446.23,392.36,93.27,Yes,Denmark,,IPF,IPF,2023-06-11,Malta,,St. Julians,World Classic Powerlifting Championships
Xin Miao Koh,M,SBD,Raw,25,24-34,24-39,Open,65.25,66,210,230,245,,245,130,137.5,-142.5,,137.5,235,255,-270,,255,637.5,6,503.77,505.32,491.29,99.98,Yes,Singapore,,IPF,IPF,2023-06-11,Malta,,St. Julians,World Classic Powerlifting Championships
Natalie Kuan,F,SBD,Raw,32.5,24-34,24-39,Open,46.75,47,95,102.5,105,,105,57.5,-62.5,62.5,,62.5,127.5,135,140,,140,307.5,16,404.59,415.15,370.23,85.69,Yes,Singapore,,IPF,IPF,2023-06-11,Malta,,St. Julians,World Classic Powerlifting Championships
Cheong Cheng Wen,M,SBD,Raw,25.5,24-34,24-39,Open,73.3,74,225,235,240,,240,150,157.5,-160,,157.5,295,-307.5,-307.5,,295,692.5,14,504.25,501.52,485.06,102.17,Yes,Singapore,,IPF,IPF,2023-06-11,Malta,,St. Julians,World Classic Powerlifting Championships
Christophe Ang,M,SBD,Raw,28,24-34,24-39,Open,82.7,83,230,242.5,-247.5,,242.5,182.5,187.5,190,,190,270,282.5,-290,,282.5,715,20,483.67,478.29,460.16,99.16,Yes,Singapore,,IPF,IPF,2023-06-11,Malta,,St. Julians,World Classic Powerlifting Championships
Amanda Seow,F,SBD,Raw,32.5,24-34,24-39,Open,56.5,57,135,-142.5,142.5,,142.5,82.5,87.5,-92.5,,87.5,175,185,187.5,,187.5,417.5,13,481.10,487.82,431.42,98.58,Yes,Singapore,,IPF,IPF,2023-06-11,Malta,,St. Julians,World Classic Powerlifting Championships
Farhanna Farid,F,SBD,Raw,30.5,24-34,24-39,Open,51.5,52,120,127.5,-132.5,,127.5,62.5,67.5,70,,70,190,197.5,203,,203,400.5,8,491.47,503.01,446.04,101.98,Yes,Singapore,,IPF,IPF,2023-06-11,Malta,,St. Julians,World Classic Powerlifting Championships
Santos Gabriel Jiménez Quintero,M,SBD,Raw,30.5,24-34,24-39,Open,73.2,74,212.5,225,-235,,225,160,170,177.5,,177.5,250,270,-282.5,,270,672.5,16,490.13,487.51,471.54,99.29,Yes,Mexico,,IPF,IPF,2023-06-11,Malta,,St. Julians,World Classic Powerlifting Championships
Charles Degiorgio,M,SBD,Raw,43,40-44,40-49,Open,82.4,83,220,230,-237.5,,230,110,-115,-115,,110,240,-250,-250,,240,580,32,393.16,388.83,374.15,80.58,Yes,Malta,,IPF,IPF,2023-06-11,Malta,,St. Julians,World Classic Powerlifting Championships
Matteo Aquilina,M,SBD,Raw,33.5,24-34,24-39,Open,65.3,66,175,-185,185,,185,105,110,112.5,,112.5,195,205,215,,215,512.5,16,404.76,405.98,394.69,80.34,Yes,Malta,,IPF,IPF,2023-06-11,Malta,,St. Julians,World Classic Powerlifting Championships
Rubén Rico Martín,M,SBD,Raw,38.5,35-39,24-39,Open,200,120+,360,-380,380,,380,225,-235,-235,,225,320,-337.5,347.5,,347.5,952.5,7,476.51,506.34,471.87,91.83,Yes,Spain,,IPF,IPF,2023-06-11,Malta,,St. Julians,World Classic Powerlifting Championships
Víctor Vázquez Hernández-Carrillo,M,SBD,Raw,27.5,24-34,24-39,Open,119.05,120,315,330,340,,340,205,215,-217.5,,215,322.5,340,-347.5,,340,895,5,515.37,515.52,493.95,104.40,Yes,Spain,,IPF,IPF,2023-06-11,Malta,,St. Julians,World Classic Powerlifting Championships
Daniel Villacampa Estallo,M,SBD,Raw,25.5,24-34,24-39,Open,104.95,105,270,285,-295,,285,170,-180,180,,180,300,325,-342.5,,325,790,20,476.54,472.15,450.85,97.56,Yes,Spain,,IPF,IPF,2023-06-11,Malta,,St. Julians,World Classic Powerlifting Championships
Guillermo González López,M,SBD,Raw,32.5,24-34,24-39,Open,91.85,93,250,265,275,,275,180,187.5,-192.5,,187.5,270,282.5,290,,290,752.5,25,481.68,475.55,455.38,99.04,Yes,Spain,,IPF,IPF,2023-06-11,Malta,,St. Julians,World Classic Powerlifting Championships
Álvaro Fernández Arcas,M,SBD,Raw,33,24-34,24-39,Open,65.2,66,220,230,-232.5,,230,140,147.5,-150,,147.5,235,242.5,247.5,,247.5,625,8,494.18,495.73,481.98,98.06,Yes,Spain,,IPF,IPF,2023-06-11,Malta,,St. Julians,World Classic Powerlifting Championships
Iván Campano Díaz,M,SBD,Raw,21.5,20-23,19-23,Open,59,59,192.5,205,210,,210,120,125,130,,130,235,250,262.5,,262.5,602.5,2,515.66,521.87,510.10,99.70,Yes,Spain,,IPF,IPF,2023-06-11,Malta,,St. Julians,World Classic Powerlifting Championships
Paula Fuentes Tubella,F,SBD,Raw,24.5,24-34,24-39,Open,81.15,84,162.5,-172.5,175,,175,87.5,-92.5,-92.5,,87.5,175,190,-200,,190,452.5,15,423.37,410.81,359.98,86.65,Yes,Spain,,IPF,IPF,2023-06-11,Malta,,St. Julians,World Classic Powerlifting Championships
Rosa Erimo Sabadell,F,SBD,Raw,31,24-34,24-39,Open,75.25,76,157.5,170,180,,180,90,97.5,100,,100,200,215,225,,225,505,10,491.00,479.08,421.37,100.03,Yes,Spain,,IPF,IPF,2023-06-11,Malta,,St. Julians,World Classic Powerlifting Championships
Sara Sanchez-Manjavacas Ruiz,F,SBD,Raw,24.5,24-34,24-39,Open,75.45,76,167.5,177.5,187.5,,187.5,105,112.5,-115,,112.5,200,-215,-227.5,,200,500,11,485.46,473.55,416.46,98.92,Yes,Spain,,IPF,IPF,2023-06-11,Malta,,St. Julians,World Classic Powerlifting Championships
Sheila Badaseraye,F,SBD,Raw,35.5,35-39,24-39,Open,60.95,63,152.5,162.5,-167.5,,162.5,85,90,-92.5,,90,160,175,-182.5,,175,427.5,11,469.25,470.87,415.95,95.60,Yes,Spain,,IPF,IPF,2023-06-11,Malta,,St. Julians,World Classic Powerlifting Championships
Laura Rey Villameá,F,SBD,Raw,29.5,24-34,24-39,Open,55.95,57,127.5,132.5,137.5,,137.5,-82.5,-82.5,-82.5,,-82.5,170,180,185,,185,,DQ,,,,,Yes,Spain,,IPF,IPF,2023-06-11,Malta,,St. Julians,World Classic Powerlifting Championships
Maiara Da Silva Días,F,SBD,Raw,23.5,24-34,24-39,Open,56.65,57,170,177.5,-180,,177.5,85,87.5,90,,90,190,197.5,205,,205,472.5,3,543.53,550.94,487.22,111.35,Yes,Spain,,IPF,IPF,2023-06-11,Malta,,St. Julians,World Classic Powerlifting Championships
María Estela Cuervo Usano,F,SBD,Raw,27.5,24-34,24-39,Open,51.75,52,135,145,-150,,145,-67.5,67.5,-72.5,,67.5,140,150,-160,,150,362.5,16,443.34,453.59,402.14,91.91,Yes,Spain,,IPF,IPF,2023-06-11,Malta,,St. Julians,World Classic Powerlifting Championships
Ana Lores Fernández,F,SBD,Raw,26.5,24-34,24-39,Open,46.5,47,127.5,135,142.5,,142.5,60,65,-67.5,,65,130,137.5,142.5,,142.5,350,8,462.35,474.34,423.20,98.06,Yes,Spain,,IPF,IPF,2023-06-11,Malta,,St. Julians,World Classic Powerlifting Championships
Adrián Manzanares Herrero,M,SBD,Raw,24.5,24-34,24-39,Open,73.7,74,217.5,230,240,,240,125,130,-135,,130,260,280,-300,,280,650,17,471.62,468.91,453.42,95.63,Yes,Spain,,IPF,IPF,2023-06-11,Malta,,St. Julians,World Classic Powerlifting Championships
Edyta Marciniszyn,F,SBD,Raw,26,24-34,24-39,Open,67.85,69,155,165,,,165,80,85,-87.5,,85,155,165,-170,,165,415,21,427.17,421.99,372.22,86.80,Yes,Poland,,IPF,IPF,2023-06-11,Malta,,St. Julians,World Classic Powerlifting Championships
Agata Markowska,F,SBD,Raw,23.5,24-34,24-39,Open,54.5,57,105,110,115,,115,70,72.5,-75,,72.5,135,142.5,-150,,142.5,330,28,389.51,396.63,351.05,80.15,Yes,Poland,,IPF,IPF,2023-06-11,Malta,,St. Julians,World Classic Powerlifting Championships
Agata Sitko,F,SBD,Raw,20.5,20-23,19-23,Open,75.6,76,190,195,197.5,,197.5,145,153,-156,,153,220,230,240,,240,590.5,2,572.73,558.58,491.20,116.71,Yes,Poland,,IPF,IPF,2023-06-11,Malta,,St. Julians,World Classic Powerlifting Championships
Marika Zandecka,F,SBD,Raw,27.5,24-34,24-39,Open,68.75,69,180,187.5,195,,195,97.5,102.5,-105,,102.5,197.5,207.5,-212.5,,207.5,505,7,515.91,508.74,448.62,104.83,Yes,Poland,,IPF,IPF,2023-06-11,Malta,,St. Julians,World Classic Powerlifting Championships
Angelika Szaro,F,SBD,Raw,24.5,24-34,24-39,Open,62.7,63,112.5,117.5,-122.5,,117.5,65,-67.5,67.5,,67.5,155,162.5,-167.5,,162.5,347.5,17,374.83,374.55,330.76,76.26,Yes,Poland,,IPF,IPF,2023-06-11,Malta,,St. Julians,World Classic Powerlifting Championships
Łukasz Nizio,M,SBD,Raw,30.5,24-34,24-39,Open,137.25,120+,290,310,322.5,,322.5,175,190,-200,,190,280,305,-330,,305,817.5,17,450.53,458.21,436.15,89.82,Yes,Poland,,IPF,IPF,2023-06-11,Malta,,St. Julians,World Classic Powerlifting Championships
Jacek Juszczyk,M,SBD,Raw,28.5,24-34,24-39,Open,134.35,120+,300,315,322.5,,322.5,210,217.5,-222.5,,217.5,-300,300,-315,,300,840,16,465.79,472.43,450.32,93.10,Yes,Poland,,IPF,IPF,2023-06-11,Malta,,St. Julians,World Classic Powerlifting Championships
Mateusz Grzesik,M,SBD,Raw,33.5,24-34,24-39,Open,119.8,120,300,-310,-315,,300,202.5,207.5,-210,,207.5,75,,,,75,582.5,24,334.72,335.02,321.03,67.76,Yes,Poland,,IPF,IPF,2023-06-11,Malta,,St. Julians,World Classic Powerlifting Championships
Sean Koch,M,SBD,Raw,22,20-23,19-23,Open,160.95,120+,367.5,387.5,-400,,387.5,220,235,-240,,235,300,320,335,,335,957.5,5,505.40,524.45,491.84,99.03,Yes,Switzerland,,IPF,IPF,2023-06-11,Malta,,St. Julians,World Classic Powerlifting Championships
Rene Caky,M,SBD,Raw,22,20-23,19-23,Open,104.1,105,270,,300,,300,210,-220,-220,,210,290,320,330,,330,840,8,508.37,503.48,480.75,104.13,Yes,Switzerland,,IPF,IPF,2023-06-11,Malta,,St. Julians,World Classic Powerlifting Championships
Jacqueline Ulrich,F,SBD,Raw,27,24-34,24-39,Open,56.3,57,150,155,160,,160,85,90,92.5,,92.5,-170,170,177.5,,177.5,430,10,496.66,503.83,445.61,101.81,Yes,Germany,,IPF,IPF,2023-06-11,Malta,,St. Julians,World Classic Powerlifting Championships
Malgorzata Becker,F,SBD,Raw,33.5,24-34,24-39,Open,74.9,76,150,155,-157.5,,155,90,-92.5,,,90,180,190,200,,200,445,24,433.73,423.39,372.45,88.35,Yes,Switzerland,,IPF,IPF,2023-06-11,Malta,,St. Julians,World Classic Powerlifting Championships
Kristóf Bence Budai,M,SBD,Raw,23.5,24-34,24-39,Open,116.7,120,280,300,310,,310,175,190,200,,200,300,312.5,325,,325,835,12,484.10,483.33,462.88,98.26,Yes,Hungary,,IPF,IPF,2023-06-11,Malta,,St. Julians,World Classic Powerlifting Championships
Gavin Adin,M,SBD,Raw,24.5,24-34,24-39,Open,92.45,93,-302.5,310,-325,,310,197.5,210,220,,220,310,330,-342.5,,330,860,5,548.75,541.78,518.66,112.83,Yes,USA,,IPF,IPF,2023-06-11,Malta,,St. Julians,World Classic Powerlifting Championships
Monique Boddie,F,SBD,Raw,41,40-44,40-49,Open,112.1,84+,200,207.5,212.5,,212.5,130,135,-137.5,,135,230,-237.5,-237.5,,230,577.5,8,473.07,467.72,397.80,100.26,Yes,US Virgin Islands,,IPF,IPF,2023-06-11,Malta,,St. Julians,World Classic Powerlifting Championships
Levent Erdem,M,SBD,Raw,24.5,24-34,24-39,Open,110.15,120,220,232.5,237.5,,237.5,142.5,147.5,152.5,,152.5,-270,-270,-270,,-270,,DQ,,,,,Yes,US Virgin Islands,,IPF,IPF,2023-06-11,Malta,,St. Julians,World Classic Powerlifting Championships
Joseph Jordan #2,M,SBD,Raw,34.5,24-34,24-39,Open,73.5,74,255,-265,-265,,255,160,167.5,-172.5,,167.5,270,280,-285,,280,702.5,13,510.62,507.77,491.05,103.50,Yes,US Virgin Islands,,IPF,IPF,2023-06-11,Malta,,St. Julians,World Classic Powerlifting Championships
Andrea Riley,F,SBD,Raw,34.5,24-34,24-39,Open,56.95,57,172.5,-177.5,177.5,,177.5,87.5,92.5,-95,,92.5,182.5,-192.5,-205,,182.5,452.5,6,518.72,525.44,464.62,106.21,Yes,US Virgin Islands,,IPF,IPF,2023-06-11,Malta,,St. Julians,World Classic Powerlifting Championships
Alex Dennis,M,SBD,Raw,37,35-39,24-39,Open,101.95,105,220,227.5,-240,,227.5,157.5,167.5,-180,,167.5,245,260,-275,,260,655,29,399.85,395.64,377.79,81.99,Yes,US Virgin Islands,,IPF,IPF,2023-06-11,Malta,,St. Julians,World Classic Powerlifting Championships
Garmez Parks,M,SBD,Raw,57.5,55-59,50-59,Open,110,120,205,212.5,222.5,,222.5,150,157.5,165,,165,242.5,255,265,,265,652.5,23,386.45,383.99,367.00,78.85,Yes,US Virgin Islands,,IPF,IPF,2023-06-11,Malta,,St. Julians,World Classic Powerlifting Championships
Desiree Wilkins,F,SBD,Raw,29.5,24-34,24-39,Open,91.85,84+,182.5,187.5,192.5,,192.5,82.5,92.5,95,,95,182.5,195,-215,,195,482.5,10,426.36,413.51,358.71,88.25,Yes,US Virgin Islands,,IPF,IPF,2023-06-11,Malta,,St. Julians,World Classic Powerlifting Championships
Cassie Bordes,F,SBD,Raw,35,35-39,24-39,Open,82.6,84,145,155,-170,,155,75,85,-90,,85,175,-190,-190,,175,415,18,384.95,373.25,326.69,78.90,Yes,US Virgin Islands,,IPF,IPF,2023-06-11,Malta,,St. Julians,World Classic Powerlifting Championships
Deshawn Larrimore,F,SBD,Raw,32,24-34,24-39,Open,62.2,63,-140,140,142.5,,142.5,-72.5,72.5,-75,,72.5,172.5,175,-185,,175,390,13,422.74,422.93,373.51,86.04,Yes,US Virgin Islands,,IPF,IPF,2023-06-11,Malta,,St. Julians,World Classic Powerlifting Championships
Julien Balangwe Bakinien,M,SBD,Raw,36.5,35-39,24-39,Open,92.65,93,280,-290,-290,,280,175,185,-190,,185,290,315,325,,325,790,12,503.55,497.16,475.91,103.54,Yes,Cameroon,,IPF,IPF,2023-06-11,Malta,,St. Julians,World Classic Powerlifting Championships
Mohammed Al Masoud,M,SBD,Raw,24,24-34,24-39,Open,92.15,93,255,-270,270,,270,145,155,160,,160,290,310,320,,320,750,26,479.31,473.22,453.08,98.56,Yes,Saudi Arabia,,IPF,IPF,2023-06-11,Malta,,St. Julians,World Classic Powerlifting Championships
Saleh Shetewi,M,SBD,Raw,23,20-23,24-39,Open,82.65,83,235,250,-262.5,,250,142.5,147.5,150,,150,250,267.5,282.5,,282.5,682.5,23,461.85,456.71,439.41,94.68,Yes,Saudi Arabia,,IPF,IPF,2023-06-11,Malta,,St. Julians,World Classic Powerlifting Championships
Vilma Olsson,F,SBD,Raw,24,24-34,24-39,Open,73.95,76,195,202.5,210,,210,110,115,-120,,115,180,200,-205,,200,525,8,515.19,503.56,443.18,104.88,Yes,Sweden,,IPF,IPF,2023-06-11,Malta,,St. Julians,World Classic Powerlifting Championships
Jack Söderberg,M,SBD,Raw,26.5,24-34,24-39,Open,82.65,83,265,277.5,285,,285,185,195,-200,,195,295,307.5,-315,,307.5,787.5,7,532.90,526.98,507.02,109.24,Yes,Sweden,,IPF,IPF,2023-06-11,Malta,,St. Julians,World Classic Powerlifting Championships
Carl Johansson,M,SBD,Raw,22,20-23,19-23,Open,73.65,74,252.5,262.5,267.5,,267.5,170,177.5,182.5,,182.5,305,320,328,,328,778,1,564.74,561.52,542.98,114.50,Yes,Sweden,,IPF,IPF,2023-06-11,Malta,,St. Julians,World Classic Powerlifting Championships
Emil Norling,M,SBD,Raw,26.5,24-34,24-39,Open,104.7,105,315,325,-327.5,,325,200,207.5,210,,210,345,360,370,,370,905,2,546.43,541.33,516.91,111.88,Yes,Sweden,,IPF,IPF,2023-06-11,Malta,,St. Julians,World Classic Powerlifting Championships
Alexander Eriksson,M,SBD,Raw,28.5,24-34,24-39,Open,73.5,74,230,242.5,250,,250,167.5,177.5,182.5,,182.5,277.5,292.5,307.5,,307.5,740,8,537.87,534.87,517.26,109.02,Yes,Sweden,,IPF,IPF,2023-06-11,Malta,,St. Julians,World Classic Powerlifting Championships
Gustav Hedlund,M,SBD,Raw,27.5,24-34,24-39,Open,92.65,93,295,312.5,320,,320,200,210,-217.5,,210,320,332.5,345,,345,875,2,557.73,550.65,527.11,114.68,Yes,Sweden,,IPF,IPF,2023-06-11,Malta,,St. Julians,World Classic Powerlifting Championships
Matilda Hjälle,F,SBD,Raw,32,24-34,24-39,Open,106.75,84+,205,215,222.5,,222.5,142.5,150,155,,155,195,205,215,,215,592.5,6,493.49,484.95,413.21,103.96,Yes,Sweden,,IPF,IPF,2023-06-11,Malta,,St. Julians,World Classic Powerlifting Championships
Anna-Lena Bellqvist,F,SBD,Raw,35.5,35-39,24-39,Open,152.75,84+,-240,240,250,,250,112.5,117.5,125,,125,-217.5,-217.5,217.5,,217.5,592.5,7,456.67,455.28,381.18,98.69,Yes,Sweden,,IPF,IPF,2023-06-11,Malta,,St. Julians,World Classic Powerlifting Championships
Ellinor Svensson,F,SBD,Raw,36.5,35-39,24-39,Open,82.65,84,175,185,190,,190,90,95,97.5,,97.5,200,210,-215,,210,497.5,11,461.34,447.31,391.50,94.56,Yes,Sweden,,IPF,IPF,2023-06-11,Malta,,St. Julians,World Classic Powerlifting Championships
Daiana La Bella,F,SBD,Raw,29.5,24-34,24-39,Open,56.2,57,152.5,162.5,167.5,,167.5,75,80,82.5,,82.5,150,160,-162.5,,160,410,17,474.12,481.06,425.49,97.21,Yes,Argentina,,IPF,IPF,2023-06-11,Malta,,St. Julians,World Classic Powerlifting Championships
Madelein Canto,F,SBD,Raw,33.5,24-34,24-39,Open,46.55,47,115,120,122.5,,122.5,65,-70,-70,,65,140,-145,145,,145,332.5,10,438.88,450.28,401.70,93.06,Yes,Argentina,,IPF,IPF,2023-06-11,Malta,,St. Julians,World Classic Powerlifting Championships
Sonia Gonçalves Da Silva,F,SBD,Raw,26,24-34,24-39,Open,66.9,69,155,162.5,167.5,,167.5,85,90,92.5,,92.5,177.5,187.5,195,,195,455,15,472.18,467.38,412.36,95.94,Yes,Germany,,IPF,IPF,2023-06-11,Malta,,St. Julians,World Classic Powerlifting Championships
Pascal Suckow,M,SBD,Raw,34,24-34,24-39,Open,92.65,93,270,290,-302.5,,290,165,170,,,170,300,-315,,,300,760,19,484.43,478.28,457.83,99.61,Yes,Germany,,IPF,IPF,2023-06-11,Malta,,St. Julians,World Classic Powerlifting Championships
Szilárd Bereczki-Király,M,SBD,Raw,24,24-34,24-39,Open,118.05,120,300,315,322.5,,322.5,210,222.5,225,,225,290,-310,310,,310,857.5,7,495.19,494.93,474.14,100.40,Yes,Hungary,,IPF,IPF,2023-06-11,Malta,,St. Julians,World Classic Powerlifting Championships
Aaron Thompson #1,M,SBD,Raw,37.5,35-39,24-39,Open,178.45,120+,350,380,387.5,,387.5,205,210,212.5,,212.5,-310,310,325,,325,925,9,475.44,498.50,466.44,92.36,Yes,England,,IPF,IPF,2023-06-11,Malta,,St. Julians,World Classic Powerlifting Championships
Luciano Delorenzi,M,SBD,Raw,31.5,24-34,24-39,Open,119.7,120,287.5,300,307.5,,307.5,187.5,197.5,202.5,,202.5,300,315,-325,,315,825,14,474.20,474.59,454.77,96.01,Yes,Costa Rica,,IPF,IPF,2023-06-11,Malta,,St. Julians,World Classic Powerlifting Championships
Enikő Tóth,F,SBD,Raw,24.5,24-34,24-39,Open,75,76,157.5,167.5,175,,175,90,-95,95,,95,177.5,192.5,-200,,192.5,462.5,21,450.46,439.67,386.76,91.76,Yes,Hungary,,IPF,IPF,2023-06-11,Malta,,St. Julians,World Classic Powerlifting Championships
Milan Smiljanić,M,SBD,Raw,44,40-44,40-49,Open,148.95,120+,300,310,320,,320,215,225,-230,,225,245,255,-275,,255,800,18,431.02,443.07,419.16,85.13,Yes,Serbia,,IPF,IPF,2023-06-11,Malta,,St. Julians,World Classic Powerlifting Championships
Federico Murru,M,SBD,Raw,27,24-34,24-39,Open,65.7,66,200,212.5,-220,,212.5,-150,152.5,160,,160,215,225,-237.5,,225,597.5,12,469.74,470.92,457.70,93.37,Yes,Italy,,IPF,IPF,2023-06-11,Malta,,St. Julians,World Classic Powerlifting Championships
Christos Konstantinou,M,SBD,Raw,29,24-34,24-39,Open,73.4,74,240,242.5,265,,265,150,-157.5,-162.5,,150,265,282.5,290,,290,705,12,512.89,510.07,493.30,103.94,Yes,Cyprus,,IPF,IPF,2023-06-11,Malta,,St. Julians,World Classic Powerlifting Championships
Stefanie Gierlinger,F,SBD,Raw,28.5,24-34,24-39,Open,121.35,84+,187.5,197.5,205,,205,105,-112.5,112.5,,112.5,200,210,-220,,210,527.5,9,421.94,420.98,356.49,90.26,Yes,Austria,,IPF,IPF,2023-06-11,Malta,,St. Julians,World Classic Powerlifting Championships
Alain Jost,M,SBD,Raw,25,24-34,24-39,Open,71.7,74,195,210,220,,220,140,147.5,-152.5,,147.5,262.5,-275,275,,275,642.5,18,474.76,472.86,457.78,95.89,Yes,Switzerland,,IPF,IPF,2023-06-11,Malta,,St. Julians,World Classic Powerlifting Championships
Pantea Supanetz,F,SBD,Raw,33,24-34,24-39,Open,62.9,63,157.5,-167.5,167.5,,167.5,100,105,107.5,,107.5,182.5,-195,-200,,182.5,457.5,8,492.52,491.93,434.39,100.20,Yes,Austria,,IPF,IPF,2023-06-11,Malta,,St. Julians,World Classic Powerlifting Championships
Joel Christopher Catena,M,SBD,Raw,26.5,24-34,24-39,Open,65.8,66,207.5,220,227.5,,227.5,150,-155,-155,,150,230,245,255,,255,632.5,7,496.70,497.88,483.86,98.76,Yes,Austria,,IPF,IPF,2023-06-11,Malta,,St. Julians,World Classic Powerlifting Championships
Michael Leitner,M,SBD,Raw,28.5,24-34,24-39,Open,115.8,120,272.5,287.5,-297.5,,287.5,185,195,-202.5,,195,302.5,325,337.5,,337.5,820,15,476.69,475.59,455.36,96.83,Yes,Austria,,IPF,IPF,2023-06-11,Malta,,St. Julians,World Classic Powerlifting Championships
Alexander Renner,M,SBD,Raw,23.5,24-34,24-39,Open,147.7,120+,285,305,310,,310,215,225,230,,230,310,345,360,,360,900,12,486.00,499.05,472.41,96.08,Yes,Austria,,IPF,IPF,2023-06-11,Malta,,St. Julians,World Classic Powerlifting Championships
Thomas Jost,M,SBD,Raw,30.5,24-34,24-39,Open,92.7,93,260,275,282.5,,282.5,175,182.5,187.5,,187.5,287.5,302.5,315,,315,785,13,500.24,493.89,472.76,102.86,Yes,Austria,,IPF,IPF,2023-06-11,Malta,,St. Julians,World Classic Powerlifting Championships
Michael Wimmesberger,M,SBD,Raw,30.5,24-34,24-39,Open,82.6,83,235,245,252.5,,252.5,152.5,-157.5,-157.5,,152.5,260,280,-295,,280,685,22,463.70,458.55,441.19,95.05,Yes,Austria,,IPF,IPF,2023-06-11,Malta,,St. Julians,World Classic Powerlifting Championships
Jelena Bijelic,F,SBD,Raw,31,24-34,24-39,Open,51.85,52,122.5,130,135,,135,80,85,-90,,85,165,175,-180,,175,395,10,482.43,493.52,437.51,99.99,Yes,Austria,,IPF,IPF,2023-06-11,Malta,,St. Julians,World Classic Powerlifting Championships
Andreas Polednak,M,SBD,Raw,34,24-34,24-39,Open,91.8,93,-230,230,245,,245,155,160,165,,165,285,305,-322.5,,305,715,32,457.80,451.97,432.81,94.13,Yes,Austria,,IPF,IPF,2023-06-11,Malta,,St. Julians,World Classic Powerlifting Championships
Paul Egger,M,SBD,Raw,24.5,24-34,24-39,Open,102.8,105,260,275,282.5,,282.5,150,157.5,162.5,,162.5,300,320,340,,340,785,21,477.55,472.68,451.34,97.88,Yes,Austria,,IPF,IPF,2023-06-11,Malta,,St. Julians,World Classic Powerlifting Championships
Christina Eggel,F,SBD,Raw,29.5,24-34,24-39,Open,75.5,76,165,172.5,177.5,,177.5,87.5,92.5,95,,95,195,207.5,-212.5,,207.5,480,16,465.88,454.42,399.63,94.93,Yes,Austria,,IPF,IPF,2023-06-11,Malta,,St. Julians,World Classic Powerlifting Championships
Hema Govind,F,SBD,Raw,26,24-34,24-39,Open,83.85,84,190,200,-205,,200,107.5,112.5,-117.5,,112.5,195,205,210,,210,522.5,9,481.19,466.35,407.76,98.74,Yes,New Zealand,,IPF,IPF,2023-06-11,Malta,,St. Julians,World Classic Powerlifting Championships
Timothy Monigatti,M,SBD,Raw,26,24-34,24-39,Open,73.85,74,267.5,277.5,283.5,,283.5,165,170,-172.5,,170,297.5,315,324.5,,324.5,778,2,563.74,560.43,541.87,114.34,Yes,New Zealand,,IPF,IPF,2023-06-11,Malta,,St. Julians,World Classic Powerlifting Championships
Mei-Xiang Liu,F,SBD,Raw,39.5,35-39,40-49,Open,46.65,47,110,120,122.5,,122.5,50,55,-60,,55,140,147.5,-152.5,,147.5,325,12,428.30,439.45,391.97,90.76,Yes,Taiwan,,IPF,IPF,2023-06-11,Malta,,St. Julians,World Classic Powerlifting Championships
Meghan Scanlon,F,SBD,Raw,35,35-39,24-39,Open,62.75,63,180,187.5,195,,195,120,-125,127.5,,127.5,192.5,205,210,,210,532.5,2,574.10,573.61,506.53,116.80,Yes,USA,,IPF,IPF,2023-06-11,Malta,,St. Julians,World Classic Powerlifting Championships
Nur Nadhirah Amran,F,SBD,Raw,25.5,24-34,24-39,Open,108.6,84+,155,165,172.5,,172.5,85,92.5,-95,,92.5,167.5,177.5,-185,,177.5,442.5,12,366.35,360.78,307.25,77.34,Yes,Singapore,,IPF,IPF,2023-06-11,Malta,,St. Julians,World Classic Powerlifting Championships
Sam Butterworth,M,SBD,Raw,27.5,24-34,24-39,Open,119.8,120,280,295,300,,300,177.5,182.5,-185,,182.5,300,-310,-310,,300,782.5,18,449.64,450.05,431.26,91.03,Yes,Australia,,IPF,IPF,2023-06-11,Malta,,St. Julians,World Classic Powerlifting Championships
Michael Rand,M,SBD,Raw,29,24-34,24-39,Open,103.05,105,270,282.5,290,,290,182.5,190,-195,,190,300,320,330,,330,810,15,492.26,487.30,465.30,100.89,Yes,Australia,,IPF,IPF,2023-06-11,Malta,,St. Julians,World Classic Powerlifting Championships
Callan Gibbons,M,SBD,Raw,30.5,24-34,24-39,Open,91.85,93,265,275,282.5,,282.5,162.5,170,172.5,,172.5,295,312.5,-330,,312.5,767.5,17,491.28,485.03,464.45,101.02,Yes,Australia,,IPF,IPF,2023-06-11,Malta,,St. Julians,World Classic Powerlifting Championships
James Le,M,SBD,Raw,22.5,20-23,19-23,Open,82.55,83,255,270,-280,,270,165,-175,-175,,165,260,277.5,287.5,,287.5,722.5,18,489.25,483.83,465.53,100.29,Yes,Australia,,IPF,IPF,2023-06-11,Malta,,St. Julians,World Classic Powerlifting Championships
Steven Day,M,SBD,Raw,30.5,24-34,24-39,Open,74,74,247.5,262.5,-270,,262.5,155,160,162.5,,162.5,257.5,275,282.5,,282.5,707.5,11,511.98,508.91,492.02,103.87,Yes,Australia,,IPF,IPF,2023-06-11,Malta,,St. Julians,World Classic Powerlifting Championships
Yuki Kashima,M,SBD,Raw,26,24-34,24-39,Open,65.85,66,215,-225,-225,,215,152.5,157.5,162.5,,162.5,225,240,-250,,240,617.5,9,484.65,485.77,472.08,96.37,Yes,Australia,,IPF,IPF,2023-06-11,Malta,,St. Julians,World Classic Powerlifting Championships
Rebecca Tancevski,F,SBD,Raw,28.5,24-34,24-39,Open,83.45,84,147.5,160,-167.5,,160,80,85,-87.5,,85,175,187.5,190,,190,435,16,401.52,389.19,340.41,82.36,Yes,Australia,,IPF,IPF,2023-06-11,Malta,,St. Julians,World Classic Powerlifting Championships
Brittany Romas,F,SBD,Raw,26.5,24-34,24-39,Open,71.35,76,167.5,175,180,,180,97.5,102.5,105,,105,187.5,197.5,-200,,197.5,482.5,14,482.78,473.81,417.45,98.17,Yes,Australia,,IPF,IPF,2023-06-11,Malta,,St. Julians,World Classic Powerlifting Championships
Schae Zarew,F,SBD,Raw,28.5,24-34,24-39,Open,62.25,63,170,177.5,-182.5,,177.5,97.5,102.5,105,,105,-190,190,200,,200,482.5,5,522.75,522.92,461.82,106.39,Yes,Australia,,IPF,IPF,2023-06-11,Malta,,St. Julians,World Classic Powerlifting Championships
Elizabeth Craven,F,SBD,Raw,47.5,45-49,40-49,Open,56.5,57,-140,145,-150,,145,75,80,82.5,,82.5,162.5,172.5,180,,180,407.5,20,469.58,476.14,421.09,96.22,Yes,Australia,,IPF,IPF,2023-06-11,Malta,,St. Julians,World Classic Powerlifting Championships
Vicky Kijumnuayporn,F,SBD,Raw,32.5,24-34,24-39,Open,46.85,47,135,142.5,-145,,142.5,85,87.5,90,,90,157.5,167.5,-172.5,,167.5,400,5,525.47,539.20,480.78,111.23,Yes,Australia,,IPF,IPF,2023-06-11,Malta,,St. Julians,World Classic Powerlifting Championships
Jackson Stubberfield,M,SBD,Raw,28,24-34,24-39,Open,148.05,120+,300,322.5,335,,335,190,197.5,202.5,,202.5,300,322.5,330,,330,867.5,15,468.15,480.87,455.12,92.53,Yes,Australia,,IPF,IPF,2023-06-11,Malta,,St. Julians,World Classic Powerlifting Championships
Adam Jones #1,M,SBD,Raw,35,35-39,24-39,Open,92.8,93,282.5,300,-305,,300,147.5,155,160,,160,-302.5,302.5,325,,325,785,14,499.98,493.63,472.50,102.80,Yes,Australia,,IPF,IPF,2023-06-11,Malta,,St. Julians,World Classic Powerlifting Championships
Xinyu Liang,F,SBD,Raw,31,24-34,24-39,Open,50.55,52,-117.5,-117.5,117.5,,117.5,62.5,-65,-65,,62.5,145,152.5,160,,160,340,18,422.73,433.16,384.42,88.00,Yes,Australia,,IPF,IPF,2023-06-11,Malta,,St. Julians,World Classic Powerlifting Championships
Natalie Laalaai,F,SBD,Raw,27.5,24-34,24-39,Open,137.9,84+,232.5,242.5,250,,250,115,120,122.5,,122.5,258,268,-275.5,,268,640.5,5,498.05,499.45,420.75,107.70,Yes,Australia,,IPF,IPF,2023-06-11,Malta,,St. Julians,World Classic Powerlifting Championships
Mehpare Atay,F,SBD,Raw,33.5,24-34,24-39,Open,51.45,52,135,140,142.5,,142.5,55,60,-62.5,,60,135,142.5,-147.5,,142.5,345,17,423.65,433.63,384.54,87.92,Yes,Turkey,,IPF,IPF,2023-06-11,Malta,,St. Julians,World Classic Powerlifting Championships
Cenk Koçak,M,SBD,Raw,26.5,24-34,24-39,Open,143.2,120+,335,355,370,,370,230,-240,240,,240,370,-390,-390,,370,980,3,533.69,545.81,517.90,105.88,Yes,Turkey,,IPF,IPF,2023-06-11,Malta,,St. Julians,World Classic Powerlifting Championships
Doğukan Sari,M,SBD,Raw,25,24-34,24-39,Open,104.4,105,290,305,-312.5,,305,190,-202.5,202.5,,202.5,300,320,-330,,320,827.5,10,500.22,495.48,473.12,102.44,Yes,Turkey,,IPF,IPF,2023-06-11,Malta,,St. Julians,World Classic Powerlifting Championships
Carola Garra,F,SBD,Raw,28.5,24-34,24-39,Open,62.9,63,195,202.5,207.5,,207.5,135,142.5,-145.5,,142.5,192.5,200,207.5,,207.5,557.5,1,600.18,599.45,529.34,122.10,Yes,Italy,,IPF,IPF,2023-06-11,Malta,,St. Julians,World Classic Powerlifting Championships
Valentina Presenti,F,SBD,Raw,32,24-34,24-39,Open,56.15,57,150,157.5,-162.5,,157.5,75,-80,-80,,75,165,175,180,,180,412.5,14,477.29,484.33,428.39,97.87,Yes,Italy,,IPF,IPF,2023-06-11,Malta,,St. Julians,World Classic Powerlifting Championships
Erik Mata,M,SBD,Raw,26,24-34,24-39,Open,103.05,105,280,302.5,310,,310,180,190,-195,,190,285,-302.5,302.5,,302.5,802.5,17,487.71,482.78,460.99,99.95,Yes,Hungary,,IPF,IPF,2023-06-11,Malta,,St. Julians,World Classic Powerlifting Championships
Cian Madden,M,SBD,Raw,27.5,24-34,24-39,Open,92.75,93,275,290,300,,300,167.5,175,-177.5,,175,280,-297.5,-302.5,,280,755,24,480.99,474.89,454.57,98.90,Yes,Ireland,,IPF,IPF,2023-06-11,Malta,,St. Julians,World Classic Powerlifting Championships
Alison O'Reilly,F,SBD,Raw,31,24-34,24-39,Open,83.3,84,182.5,190,195,,195,122.5,127.5,-130,,127.5,192.5,205,210,,210,532.5,5,491.94,476.86,417.14,100.89,Yes,Ireland,,IPF,IPF,2023-06-11,Malta,,St. Julians,World Classic Powerlifting Championships
Dawn Steacy,F,SBD,Raw,35,35-39,24-39,Open,51.55,52,112.5,120,-122.5,,120,80,85,-87.5,,85,152.5,160,165,,165,370,14,453.73,464.36,411.75,94.13,Yes,Ireland,,IPF,IPF,2023-06-11,Malta,,St. Julians,World Classic Powerlifting Championships
Emma McDermott,F,SBD,Raw,30.5,24-34,24-39,Open,74.7,76,150,160,167.5,,167.5,90,95,-97.5,,95,182.5,197.5,207.5,,207.5,470,20,458.74,447.93,394.08,93.43,Yes,Ireland,,IPF,IPF,2023-06-11,Malta,,St. Julians,World Classic Powerlifting Championships
Ryan Kiecker,M,SBD,Raw,31.5,24-34,24-39,Open,92.1,93,260,275,285,,285,165,175,-182.5,,175,285,300,310,,310,770,16,492.23,485.97,465.30,101.21,Yes,Thailand,,IPF,IPF,2023-06-11,Malta,,St. Julians,World Classic Powerlifting Championships
Kasemsand Senumong,M,SBD,Raw,28,24-34,24-39,Open,64.8,66,-235,235,-250,,235,142.5,-145,-145,,142.5,260,280,-301,,280,657.5,5,522.29,524.20,509.82,103.49,Yes,Thailand,,IPF,IPF,2023-06-11,Malta,,St. Julians,World Classic Powerlifting Championships
Eric Smulders,M,SBD,Raw,33.5,24-34,24-39,Open,65.85,66,205,217.5,-222.5,,217.5,137.5,145,-147.5,,145,235,247.5,-260,,247.5,610,10,478.76,479.87,466.34,95.20,Yes,Thailand,,IPF,IPF,2023-06-11,Malta,,St. Julians,World Classic Powerlifting Championships
Clinton Lee #1,M,SBD,Raw,30,24-34,24-39,Open,73.1,74,247.5,257.5,262.5,,262.5,160,-165,-165,,160,290,302.5,-317.5,,302.5,725,9,528.86,526.09,508.89,107.12,Yes,Singapore,,IPF,IPF,2023-06-11,Malta,,St. Julians,World Classic Powerlifting Championships
Sara Soto Guzman,F,SBD,Raw,56.5,55-59,50-59,Open,61.25,63,100,-110,110,,110,60,62.5,65,,65,-160,160,-177.5,,160,335,18,366.60,367.59,324.70,74.66,Yes,Thailand,,IPF,IPF,2023-06-11,Malta,,St. Julians,World Classic Powerlifting Championships
Nour Al Jundi,F,SBD,Raw,28,24-34,24-39,Open,46.5,47,110,-115,-115,,110,77.5,82.5,-87.5,,82.5,115,122.5,-130,,122.5,315,14,416.11,426.91,380.88,88.26,Yes,Thailand,,IPF,IPF,2023-06-11,Malta,,St. Julians,World Classic Powerlifting Championships
Sonita Muluh,F,SBD,Raw,26,24-34,24-39,Open,123.05,84+,260,277.5,285.5,,285.5,135,-142.5,142.5,,142.5,245,260.5,-267.5,,260.5,688.5,2,548.66,548.12,463.80,117.54,Yes,Belgium,,IPF,IPF,2023-06-11,Malta,,St. Julians,World Classic Powerlifting Championships
Zoé Coinne,F,SBD,Raw,25,24-34,24-39,Open,56.3,57,132.5,137.5,-140,,137.5,75,80,82.5,,82.5,130,140,-145,,140,360,27,415.81,421.81,373.07,85.24,Yes,Belgium,,IPF,IPF,2023-06-11,Malta,,St. Julians,World Classic Powerlifting Championships
Andrew Rubinstein,M,SBD,Raw,30.5,24-34,24-39,Open,91.2,93,235,247.5,250,,250,170,177.5,180,,180,280,300,-310,,300,730,29,468.91,462.94,443.43,96.42,Yes,Belgium,,IPF,IPF,2023-06-11,Malta,,St. Julians,World Classic Powerlifting Championships
Stefanie Verhulst,F,SBD,Raw,32,24-34,24-39,Open,51.2,52,117.5,-125,-125,,117.5,65,67.5,-70,,67.5,135,145,150,,150,335,19,412.78,422.64,374.87,85.74,Yes,Belgium,,IPF,IPF,2023-06-11,Malta,,St. Julians,World Classic Powerlifting Championships
Elise Rummens,F,SBD,Raw,41.5,40-44,40-49,Open,56.15,57,127.5,132.5,137.5,,137.5,72.5,-75,-75,,72.5,170,182.5,192.5,,192.5,402.5,23,465.72,472.59,418.00,95.49,Yes,Belgium,,IPF,IPF,2023-06-11,Malta,,St. Julians,World Classic Powerlifting Championships
Steve Ringoot,M,SBD,Raw,33.5,24-34,24-39,Open,141.9,120+,320,335,-342.5,,335,220,227.5,-230,,227.5,320,335,-337.5,,335,897.5,13,490.00,500.53,475.27,97.32,Yes,Belgium,,IPF,IPF,2023-06-11,Malta,,St. Julians,World Classic Powerlifting Championships
Jeroen Van Heesvelde,M,SBD,Raw,32.5,24-34,24-39,Open,104.45,105,260,280,285,,285,187.5,195,-200,,195,282.5,297.5,310,,310,790,19,477.46,472.94,451.60,97.78,Yes,Belgium,,IPF,IPF,2023-06-11,Malta,,St. Julians,World Classic Powerlifting Championships
Rob Esselens,M,SBD,Raw,28.5,24-34,24-39,Open,92.65,93,265,275,-280,,275,182.5,190,-195,,190,270,290,-300,,290,755,23,481.24,475.14,454.82,98.95,Yes,Belgium,,IPF,IPF,2023-06-11,Malta,,St. Julians,World Classic Powerlifting Championships
Jochen Strubbe,M,SBD,Raw,24.5,24-34,24-39,Open,104.85,105,265,277.5,282.5,,282.5,177.5,-182.5,182.5,,182.5,295,-320,-330,,295,760,25,458.62,454.37,433.87,93.90,Yes,Belgium,,IPF,IPF,2023-06-11,Malta,,St. Julians,World Classic Powerlifting Championships
Elias de Buck,M,SBD,Raw,26.5,24-34,24-39,Open,81.3,83,247.5,260,-265,,260,167.5,-177.5,180,,180,262.5,282.5,292.5,,292.5,732.5,14,500.37,495.09,476.69,102.47,Yes,Belgium,,IPF,IPF,2023-06-11,Malta,,St. Julians,World Classic Powerlifting Championships
Sahyuri Lalime,F,SBD,Raw,38.5,35-39,24-39,Open,62.6,63,162.5,172.5,180,,180,82.5,87.5,-92.5,,87.5,187.5,195,-200,,195,462.5,7,499.36,499.11,440.76,101.61,Yes,Belgium,,IPF,IPF,2023-06-11,Malta,,St. Julians,World Classic Powerlifting Championships
Pieter-Francois van Zyl,M,SBD,Raw,24.5,24-34,24-39,Open,150.85,120+,270,290,-300,,290,160,-172.5,-172.5,,160,300,310,-315,,310,760,19,408.08,420.17,397.10,80.49,Yes,South Africa,,IPF,IPF,2023-06-11,Malta,,St. Julians,World Classic Powerlifting Championships
Sibusiso Sishi,M,SBD,Raw,37.5,35-39,24-39,Open,91.9,93,250,260,-265,,260,150,160,-165,,160,270,280,295,,295,715,33,457.55,451.73,432.56,94.08,Yes,South Africa,,IPF,IPF,2023-06-11,Malta,,St. Julians,World Classic Powerlifting Championships
Nicole Coopoosamy,F,SBD,Raw,29.5,24-34,24-39,Open,75.6,76,-157.5,157.5,-162.5,,157.5,87.5,92.5,-95,,92.5,190,207.5,-212.5,,207.5,457.5,23,443.73,432.77,380.57,90.42,Yes,South Africa,,IPF,IPF,2023-06-11,Malta,,St. Julians,World Classic Powerlifting Championships
Alexa Pentopoulos,F,SBD,Raw,28.5,24-34,24-39,Open,50.95,52,120,-127.5,127.5,,127.5,52.5,57.5,-60,,57.5,125,135,145,,145,330,21,408.02,417.90,370.74,84.82,Yes,South Africa,,IPF,IPF,2023-06-11,Malta,,St. Julians,World Classic Powerlifting Championships
Farzana Botha,F,SBD,Raw,37,35-39,24-39,Open,51.75,52,95,-102.5,102.5,,102.5,65,70,-72.5,,70,140,145,152.5,,152.5,325,22,397.47,406.67,360.54,82.41,Yes,South Africa,,IPF,IPF,2023-06-11,Malta,,St. Julians,World Classic Powerlifting Championships
Tom Wewege,M,SBD,Raw,30.5,24-34,24-39,Open,103.7,105,260,275,-280,,275,190,-202.5,-202.5,,190,275,295,-300,,295,760,24,460.68,456.16,435.57,94.38,Yes,South Africa,,IPF,IPF,2023-06-11,Malta,,St. Julians,World Classic Powerlifting Championships
Nishalin Govender,M,SBD,Raw,31,24-34,24-39,Open,73.7,74,175,187.5,195,,195,105,112.5,117.5,,117.5,260,280,-295,,280,592.5,20,429.90,427.43,413.31,87.17,Yes,South Africa,,IPF,IPF,2023-06-11,Malta,,St. Julians,World Classic Powerlifting Championships
Olivia Perotti,F,SBD,Raw,34,24-34,24-39,Open,82.05,84,165,175,-182.5,,175,75,80,82.5,,82.5,160,175,-182.5,,175,432.5,17,402.48,390.35,341.81,82.45,Yes,South Africa,,IPF,IPF,2023-06-11,Malta,,St. Julians,World Classic Powerlifting Championships
Megan Leighton,F,SBD,Raw,26.5,24-34,24-39,Open,62.8,63,135,-142.5,-142.5,,135,62.5,65,67.5,,67.5,150,160,-165,,160,362.5,16,390.63,390.25,344.61,79.47,Yes,South Africa,,IPF,IPF,2023-06-11,Malta,,St. Julians,World Classic Powerlifting Championships
Kimberly Walford,F,SBD,Raw,44,40-44,40-49,Open,74.8,76,175,180,-185,,180,107.5,112.5,115,,115,230,240,-247.5,,240,535,6,521.81,509.45,448.18,106.28,Yes,US Virgin Islands,,IPF,IPF,2023-06-11,Malta,,St. Julians,World Classic Powerlifting Championships
Tony Cliffe,M,SBD,Raw,38.5,35-39,24-39,Open,119.5,120,310,340,345,,345,230,242.5,-247.5,,242.5,340,352.5,365,,365,952.5,1,547.79,548.15,525.25,110.93,Yes,England,,IPF,IPF,2023-06-11,Malta,,St. Julians,World Classic Powerlifting Championships
Susan Elwyn,F,SBD,Raw,75,75-79,70-999,Open,48.2,52,65,-75,82.5,,82.5,30,-37.5,-37.5,,30,-102.5,105,-125,,105,217.5,24,279.82,287.18,255.54,58.83,Yes,US Virgin Islands,,IPF,IPF,2023-06-11,Malta,,St. Julians,World Classic Powerlifting Championships
Scott Jennings,M,SBD,Raw,27.5,24-34,24-39,Open,82.4,83,-247.5,-247.5,247.5,,247.5,170,177.5,182.5,,182.5,-305,305,315,,315,745,11,505.00,499.44,480.59,103.51,Yes,Jamaica,,IPF,IPF,2023-06-11,Malta,,St. Julians,World Classic Powerlifting Championships
Sami DePass,F,SBD,Raw,25,24-34,24-39,Open,75.2,76,175,185,195,,195,100,105,110,,110,205,217.5,227.5,,227.5,532.5,7,517.91,505.37,444.51,105.52,Yes,Jamaica,,IPF,IPF,2023-06-11,Malta,,St. Julians,World Classic Powerlifting Championships
